# https://github.com/mikedh/trimesh
v 91.68323591 -50.25372169 -232.82897127
v 62.77081038 -62.62685178 -11.63288946
v 68.68632333 -41.11503659 5.87376995
v 65.36142680 -69.26556088 -15.06753254
v 73.05205205 -50.02282580 27.08537879
v 65.55616656 -47.88234295 -4.36495613
v 21.88498095 -156.00674658 -72.25684095
v 26.20779758 -99.43795808 -78.12508766
v 51.08283727 -99.72172929 -56.63828999
v 43.39863760 -85.99789039 -63.02869457
v 62.32738562 -32.08750218 -5.84541615
v 73.07250437 -42.66875968 26.81216020
v 60.56228051 -14.66468696 3.66079446
v 67.45068602 -12.91211594 20.92913548
v 61.90260400 -8.99379941 10.00635237
v 73.60185723 -13.63650499 35.69076222
v 62.80179132 -6.88914305 13.68842848
v 65.77028901 -5.57308219 21.47535377
v 67.55357613 -3.54758616 26.36398604
v 59.52948907 -0.39205532 12.45875231
v 67.43817595 2.54619157 30.86056591
v 61.97727511 2.03522476 19.48479282
v 66.13841305 13.69296437 36.42758681
v 43.86586777 10.22880751 -0.07460398
v 81.49968254 -50.45301208 70.02586045
v 60.61300388 11.03031362 23.86772250
v 54.58050161 18.98486661 22.59610916
v 64.44622857 20.07583650 37.62261797
v 46.51589551 13.26533734 6.00000248
v 44.63864798 20.73647086 11.35021232
v 101.64964221 71.39968724 141.23160006
v 60.55850161 30.80733000 41.42096097
v 86.10819358 -24.22065883 78.56068968
v 87.70627755 -25.06934184 87.86447030
v 45.85688662 30.63039942 22.90628359
v 65.38993080 38.33358276 52.04997876
v 51.26255263 34.18993299 33.59324977
v 55.71370418 34.25050983 37.15517448
v 87.34114687 0.57899738 86.84860250
v 59.15397843 37.68430285 45.15408287
v 60.19091858 40.01950078 45.20860055
v 75.73168338 43.17562381 71.24221567
v 82.57117036 35.89316289 78.36689912
v 65.69282839 65.55291733 73.77930435
v 88.84457639 58.90865948 105.81947411
v 56.55689976 76.80708954 74.30730610
v 95.90373461 53.26675779 118.25254377
v 90.87604750 64.37755293 113.04053161
v 51.52916167 75.61118088 68.57514058
v 83.77416272 95.33447448 124.10692868
v 81.03076729 80.36846951 107.52125496
v 89.43242961 71.12136079 114.98849532
v 96.21324535 63.35550655 123.57856335
v 87.47660823 77.51540292 116.42351874
v 64.83836426 90.15551839 95.05525463
v 103.69500692 54.16308063 139.19939291
v 72.87083549 89.45345437 103.54122144
v 100.08180174 60.68614348 131.72041211
v 65.59806943 96.13407659 101.42170493
v 71.93835128 98.31626725 110.06780548
v 94.25610731 83.84858315 133.15100739
v 98.55557028 73.09066475 135.20083298
v 68.21807168 111.97609714 118.96359818
v 104.07623604 62.81335227 144.27602523
v 88.41084143 95.26394250 131.35711942
v 105.41311442 68.95455649 149.22191077
v 101.27000884 81.65714543 145.94711070
v 76.32628590 109.32137372 124.97539865
v 73.29477205 113.71982110 126.25280497
v 105.47756932 78.26301472 153.76194956
v 79.61751362 112.21084288 132.11577342
v 99.28069520 92.49312305 148.60192595
v 95.48908065 101.38439936 147.63805942
v 71.99986281 118.08757965 128.33169504
v 85.36501264 104.51195837 133.71534395
v 66.88352012 119.99830853 124.92536191
v 74.30327381 121.53924697 133.76963399
v 107.80211204 84.13295209 161.65227311
v 86.42824855 113.18929835 142.39958084
v 72.05027637 128.42986913 138.29288054
v 92.30438111 114.41973400 152.00829197
v 99.08947994 108.00359305 158.81859987
v 78.94477001 127.50494836 144.74537971
v 84.50917031 123.00402770 147.89378432
v 111.44067444 84.87756704 171.38963976
v 73.17792507 134.23359883 144.85186063
v 92.41505299 117.73061681 154.28916644
v 63.19241598 133.07343669 134.14325085
v 58.97099505 138.98169858 136.53790587
v 105.72695426 101.67114822 167.81103682
v 86.29522042 126.52151632 152.95353382
v 91.48718682 121.87472381 156.38413140
v 79.71115314 130.74525052 148.78589836
v 103.68402747 115.64685163 171.98696186
v 67.65051807 139.54280182 144.30715930
v 84.91786509 133.35781701 157.54336148
v 75.19534409 138.48262238 150.69277306
v 106.58946715 117.82632872 178.07022027
v 92.17861201 130.21197808 164.51538858
v 111.19833472 107.41809554 182.28636147
v 105.32575821 119.13764424 181.55662257
v 113.96068502 97.01432998 184.66502961
v 82.13973496 141.89456902 161.49712805
v 99.76020330 127.80700897 174.52506650
v 78.75906765 143.44396410 158.81689124
v 76.14220517 147.58844965 161.34860335
v 68.78681452 151.97483065 157.81803323
v 64.85078830 -13.88054157 13.72297404
v 53.68826873 7.29428672 9.15632018
v 54.97851178 9.87974297 14.82815552
v 46.76374308 23.86044753 15.57356071
v 52.52731895 26.27726471 27.43823329
v 71.82443497 53.09711838 72.00811394
v 91.23020078 -10.83265410 102.45949059
v 70.38392166 123.15667639 131.56902953
v 73.77061996 79.30322749 96.27329316
v 44.72028500 -47.66819918 -124.44209390
v 96.09517825 37.62384888 113.07901358
v 72.15576497 62.25952533 80.18666800
v 83.16660048 43.17888322 84.97687212
v 62.53659311 59.71252742 65.35421292
v 40.94963918 -61.74570086 -107.63734115
v 44.24631938 -46.95761957 -105.53332259
v 51.66353656 56.46531641 50.85101283
v 47.54973554 51.71546775 42.49999442
v 88.40450571 29.13022401 89.53322737
v 91.07379714 -4.25158972 97.99906716
v 88.60482991 1.38773899 91.18580259
v 89.64381228 19.80973674 89.87283459
v 87.22304049 25.56754377 85.17219014
v 75.69601879 35.44674788 65.78570131
v 87.00397563 19.14836309 83.50901727
v 86.34132643 10.58204969 86.90202751
v 88.31755752 -8.31211795 89.89310321
v 83.62628042 9.09373604 76.98847193
v 72.18043219 38.47124482 61.73954158
v 71.64167810 -34.76556078 20.85836130
v 69.05424739 -28.51313179 14.39336164
v 67.70255126 -22.98388897 13.77206203
v 71.45757393 -17.73791717 27.07651664
v 74.54464631 -23.08803293 35.02369497
v 74.92606983 -44.19448512 35.66611060
v 59.36957206 -11.23358124 4.73987861
v 52.67696804 -5.67952402 -1.71062777
v 76.37954857 -19.06523628 42.29489691
v 42.92177731 -0.56371135 -9.45960508
v 74.18786982 -8.06315609 41.54159402
v 71.60828516 -3.44419382 35.77956546
v 38.88535523 3.04249930 -10.10740445
v 58.39615387 5.22556087 14.99754670
v 77.15728014 -10.10645980 49.00255313
v 79.28936795 -39.97225499 54.21689491
v 79.16119222 -22.70567402 51.37628026
v 71.69437753 0.12921358 39.35364251
v 41.46270533 4.13508780 -7.40119189
v 80.58431857 8.37058331 67.21149845
v 82.29912555 -22.97709378 63.63787129
v 74.93459490 -3.34931657 45.04068741
v 78.41196455 -3.27754125 55.04756413
v 80.16295117 -13.22089157 58.03847853
v 81.64470017 -9.53482898 63.48851014
v 82.92271782 -7.72677762 68.51387301
v 84.09232743 -27.27029696 71.60679744
v 33.98309948 17.25579145 -2.08166558
v 58.72199881 21.65318586 29.80379568
v 81.15832470 -2.11996945 64.32906701
v 47.06277354 20.37152999 14.62471700
v 85.01812119 -17.92954558 76.51432585
v 32.66525932 27.25906400 6.56362059
v 65.14510995 23.00259314 43.14116910
v 83.15148134 2.72036618 72.77998642
v 59.83246791 25.09874450 36.44909239
v 65.96001379 31.90179058 52.64509071
v 61.90336409 31.88672301 46.07005140
v 86.14215844 -11.24666514 80.74011081
v 72.88142214 28.49945467 61.74081539
v 40.11079686 35.98611981 21.09953893
v 85.76063249 -3.20486929 80.02686619
v 79.94752241 30.58421677 71.53715215
v 41.63902394 -75.35452672 -76.12630576
v 42.97923209 -54.65394031 -83.32153575
v 28.00842335 12.10479094 -10.87619753
v 63.94017538 11.65148204 30.50026694
v 47.17703378 -66.72356862 -57.36602212
v 30.17497851 -23.51216528 -34.01664250
v 81.11295511 -20.45503316 58.30768246
v 79.79639835 -57.85398449 68.36929942
v 43.66884662 -48.54264123 -41.71826200
v 51.60458533 -77.56168276 -47.62710443
v 52.19941096 -57.21852037 -29.55406083
v 59.20509472 -86.51416641 -38.13597438
v 25.36864609 -14.52673781 -35.56867001
v 75.22655700 -28.10419081 35.20769773
v 52.23435454 -45.46999735 -23.44455314
v 62.56448229 -74.59457734 -20.86940074
v 62.01043823 -37.47514184 -9.14708200
v 71.73089760 -43.04660440 16.97062781
v 64.45966888 -77.28097069 -15.86365825
v -94.45057337 6.90223175 108.55697149
v -85.39942312 131.73577155 171.21967162
v -86.94917693 126.08345930 170.69151489
v -84.04571551 132.40868491 173.75675180
v -75.21850057 136.97669186 174.39905112
v -78.78960872 138.05428926 173.30447229
v -101.11909599 114.02540422 178.70431959
v -80.93305410 125.59298900 176.76023948
v -72.68289749 133.66825950 177.46080398
v -112.77025221 87.85394906 181.71418933
v -98.54470804 111.77447025 182.45149057
v -99.30095412 103.28829424 185.29567419
v -94.71267797 113.29124695 182.52039214
v -101.78676291 98.16049615 189.75040062
v -108.29901102 87.71980019 193.64709152
v -103.46008696 103.38942309 183.00611352
v -86.11465273 135.12130557 162.13061147
v -89.40990240 129.52881207 166.39067730
v -95.08215991 124.24773947 165.04788897
v -90.75930266 123.67202993 169.13999702
v -94.50277966 121.42156022 171.98027558
v -98.53365574 119.10446877 174.04713387
v -102.03850845 116.34641024 175.97075839
v -91.77248219 121.04147270 175.36888127
v -89.97657490 123.49245496 172.43103461
v -85.88322811 126.14031902 174.85746279
v -76.03562648 144.71968551 173.76978398
v -83.33259730 129.47873919 173.46244009
v -93.79638400 117.59955203 179.35066282
v -107.13511946 104.43320209 179.86192629
v -108.23554928 105.98644477 176.29171626
v -77.33579818 130.92898571 176.50531632
v -97.79474787 119.16635639 178.19802369
v -85.80642470 122.22288470 180.37708490
v -91.61813248 116.63398458 182.45743904
v -105.58177709 93.63583735 189.68335320
v -118.83144098 77.39140025 195.89897753
v -113.68582827 83.93640540 195.46945596
v -77.25359201 152.11687767 170.66749777
v -86.12445050 142.11691212 169.86141402
v -78.03073803 142.75168571 171.71241591
v -99.49100797 108.44760214 183.18930172
v -110.63299594 94.82543951 187.18498825
v -101.07246166 118.61661879 169.80675169
v 94.96641513 -38.69317720 -232.59419596
v 90.55769145 6.76239647 -152.48705650
v 93.36797538 -7.40814958 -152.87187583
v 87.09922406 16.24149528 -149.15454295
v 96.16293005 -24.77629382 -168.74851623
v 93.81349372 -5.24140162 -159.88963264
v 92.58764235 -0.38808930 -167.58779768
v 87.18209287 22.79279200 -156.78124438
v 97.35604520 -28.01709068 -179.21334654
v 82.56311928 39.39905654 -165.13157129
v 97.54701346 -32.75757994 -189.94770633
v 85.90738912 35.97615399 -171.08440055
v 92.54169832 0.22630179 -183.79418841
v 90.90564346 9.77116835 -181.60523819
v 94.86866341 -12.10924205 -192.96441438
v 96.13055467 -21.37556185 -200.89789814
v 84.03953426 41.96613600 -174.43719106
v 93.02571620 -1.12408956 -188.17838910
v 92.00076003 5.18258307 -188.17064395
v 97.04849972 -30.35808908 -207.23710604
v 93.33555039 -2.29450530 -207.48024523
v 97.97252041 -39.83726826 -210.67613096
v 88.68228047 26.87427584 -189.04310967
v 98.05945965 -32.78376106 -228.04703848
v 98.21689064 -42.64579245 -218.40765646
v 98.63396117 -38.18602444 -228.35138949
v 97.56116792 -23.43219177 -231.81418911
v 96.87036379 -27.29624090 -232.23589381
v 91.82703536 12.59961228 -231.11316976
v 82.44500052 56.24015733 -218.06557850
v 94.44413280 -39.84099578 -235.90539874
v 84.42744142 56.41971555 -222.42577239
v 93.51369669 1.77310840 -240.73780435
v 89.95474792 21.73883286 -244.41161498
v 84.18046914 60.26184633 -237.12746779
v 84.28231976 53.37778280 -211.89205234
v 95.47614490 -12.33045731 -245.08709453
v 97.18572464 -28.58288808 -244.52273183
v 91.74244913 11.42263073 -244.34876824
v 88.00658541 36.95881892 -243.25608910
v 84.50176234 52.06561459 -243.90372161
v 97.55736339 -22.08534157 -237.91135473
v 93.82127841 -1.65043191 -222.23562547
v 89.36634555 23.86930463 -199.67327222
v 84.51511545 48.61210113 -198.62518231
v 91.10199500 13.84437847 -205.78813816
v 87.22166572 40.27722224 -223.06518655
v -76.24224145 -56.97064395 7.23866614
v -70.28275720 -57.37514309 -3.75020149
v -77.86905917 107.88900071 125.20883761
v -82.52857944 -41.24121039 217.39929145
v -15.18852102 -144.28054110 21.99005914
v -63.91123804 -51.03236690 -3.35812400
v -57.54484245 -78.91290239 -16.98971905
v -69.20005137 -34.75108253 16.96865350
v -70.83368132 -47.20240901 17.62667669
v -71.69574927 -42.02024657 25.68876055
v -71.50801370 -45.41153428 24.78429104
v -70.20589468 -62.85729257 31.40538393
v -63.71979716 -86.79362738 35.41176303
v -67.41931777 -67.40583795 25.00462805
v -67.06362578 -65.57103518 28.52826427
v -67.17334991 -45.58098756 5.61926503
v -62.92757993 -39.91431428 -3.23066598
v -52.21485406 -50.40190768 -20.01277188
v -112.00933423 89.30773834 189.04545419
v -35.59484216 -121.93715792 -64.62317804
v -39.18803230 -75.39286182 -67.33278278
v -39.30096654 -86.09771230 -59.86982967
v -49.42201947 -6.00398270 -5.15294835
v -51.54345800 9.43487088 7.63483794
v -55.90458191 -12.34640395 -1.22195672
v -60.56458077 -16.53655785 4.92168341
v -58.29031752 -34.99395904 -8.57530136
v -61.09305696 8.97419087 21.49316349
v -68.26929616 24.55000451 44.27677436
v -65.69237750 7.46646330 28.12886901
v -64.39703930 -9.33559199 15.23937136
v -67.24192762 -7.52621313 22.33153473
v -65.51885207 13.88747021 32.10798854
v -70.15198643 -16.08504726 25.18037983
v -68.25869419 -2.90854619 27.53690318
v -71.16449727 4.44469759 37.95050407
v -66.18294040 -25.02040186 13.28691067
v -49.99562305 -94.19981972 -47.21746391
v -75.73847137 10.56781102 52.65807768
v -68.53274280 58.21459204 70.84754022
v -74.46392248 -3.97513952 41.97896436
v -76.45811197 37.25139827 68.49071369
v -72.70608063 -31.63551405 28.76199319
v -74.94364330 -21.63169735 36.41492338
v -75.56889138 -35.40086417 38.04484435
v -79.94336774 21.78634202 68.00832873
v -71.89219564 -52.14575545 30.89718653
v -74.34860785 -42.90397743 36.75091748
v -82.32287851 45.41290668 86.31786600
v -72.61750674 -60.25542807 38.06848938
v -98.31765230 8.64349355 123.58946512
v -84.02341468 -12.82982516 68.27983241
v -76.97361552 -49.81386449 52.43552978
v -60.96667338 -105.33219237 48.46486178
v -88.26386308 24.43201184 89.39937130
v -74.50175760 -65.47703357 51.47057708
v -75.54329058 57.35479535 81.25085728
v -68.43271878 -74.01753494 34.79562451
v -77.76392371 82.29705008 103.85413969
v -85.43234249 20.22668961 79.89776049
v -71.76202310 -77.86721917 52.68556980
v -92.30592975 21.80921877 100.98413579
v -85.54951618 -28.82175690 77.50704137
v -93.76657150 12.29133995 104.70802637
v -85.37088851 70.01215782 107.29979745
v -73.01614776 -76.36129015 58.90101713
v -83.34585007 82.23665370 112.68963409
v -90.57589637 -0.02668825 90.54622128
v -82.10222480 -50.41294237 78.20091372
v -65.50701912 -94.46489160 51.02257657
v -69.09803101 -81.06249356 44.26878743
v -67.78285604 -87.96991298 48.83661246
v -76.76681115 -65.25040215 65.54156783
v -78.30993652 -64.75954682 75.46715729
v -83.62253713 -41.86188600 78.35815688
v -97.21284610 23.75544692 117.94995607
v -80.78003402 -58.49929092 81.34601367
v -74.57714216 -76.84878124 71.78918648
v -90.64996517 56.45315995 110.63810004
v -95.61186536 11.51961873 111.46294857
v -97.84505094 44.30158431 123.03511911
v -82.05489616 -56.83222946 88.50812072
v -95.57340771 6.54426584 113.89343880
v -86.48238062 92.93609580 126.04385029
v -98.68439437 3.37610818 126.15649625
v -86.02145757 -44.10940665 95.20171917
v -88.08866764 -44.83611996 114.35763626
v -91.44486690 -28.19821738 110.55209770
v -81.17974664 -63.46014794 96.90537363
v -101.34153284 18.49398489 131.85401281
v -99.92090927 12.60521029 128.95201750
v -92.81200982 88.68661864 134.46689045
v -97.66137829 70.52869408 134.08026933
v -96.31038726 89.04317729 141.44002878
v -102.37238895 51.13170633 138.66956404
v -100.05664383 68.31158893 139.78830915
v -83.27292267 -59.53350871 109.87570850
v -102.14299143 33.37052852 134.75813552
v -99.83438364 83.24801910 145.67249311
v -97.41504469 93.80282605 146.34551250
v -104.34253164 17.48504072 144.44362127
v -108.10069300 24.65598667 159.44442273
v -95.81075138 110.71913385 154.27384142
v -102.85663884 72.50583009 147.75034802
v -106.28687588 51.92388526 150.52935378
v -106.68767701 79.26082355 160.46146747
v -99.23761902 -15.88788879 151.61887574
v -109.62604669 60.37414847 162.67298123
v -109.14715725 44.02367673 159.98530805
v -104.25611512 104.38019921 165.97676156
v -107.44388664 89.31612492 165.43658698
v -93.47454803 -35.86263978 152.14408586
v -113.08243318 56.86124526 173.84187850
v -100.60925655 -15.41797104 163.73095538
v -111.84431894 74.02693627 172.37327123
v -105.44184842 111.05293643 172.52437207
v -113.02709437 48.99621701 174.37734733
v -106.96720066 5.49381780 171.30909220
v -112.69370810 86.09342518 177.65941261
v -101.21228641 -14.82150387 171.43224462
v -110.90958651 29.78836160 169.94812453
v -112.97205809 93.36304848 184.55840820
v -115.39244139 57.57222578 182.38663434
v -113.55289783 32.82023944 181.11708872
v -114.30414821 71.00637143 179.06744105
v -113.25727311 80.36550846 183.69072440
v -115.31313134 76.96437683 183.73038974
v -109.42340259 11.28026765 180.38431949
v -115.58195075 77.81287300 188.50867599
v -107.84120732 3.45478065 188.75818649
v -114.47173865 28.58667140 192.74453456
v -113.94204671 86.80365878 192.38355040
v -116.70111111 80.74881871 193.21014158
v -117.95298462 62.35741839 192.55681859
v -104.54705442 -6.59221404 188.57370871
v -115.85576026 45.23687425 187.71979023
v -110.64244552 10.22236598 201.26241781
v -119.19745858 55.10461675 204.00964008
v -118.12999564 40.84826015 204.40637581
v -116.12785602 30.63865676 203.96169187
v -112.49466307 17.51856550 198.55453247
v -101.43159166 9.51370291 135.35284985
v -89.91894821 70.34098914 117.08046907
v -82.87332753 -32.01679949 66.75195713
v -60.73580125 -117.40803256 0.55051860
v -60.61251947 -109.76541667 23.20709023
v -51.16403533 -106.26086136 -42.33922594
v -55.68528585 -125.90267277 -8.07038993
v -83.07503196 2.94834771 67.91654792
v -61.39207353 -83.21474442 -8.40557494
v -58.96810917 -81.76409882 -15.74222356
v -46.09849350 -42.97237955 -125.33037517
v -47.47366501 -77.06204964 -42.45532751
v -37.53065501 -56.75413854 -114.97141110
v -39.77825437 -57.26339448 -74.09692453
v -36.16307594 -68.97408474 -89.40414016
v -42.76167269 -66.64627188 -56.09842971
v -64.20244143 -24.31557412 7.92862559
v -39.79423296 -52.82198083 -100.93237736
v -39.98804000 -42.40407795 -99.18557838
v -40.94174396 -54.77265673 -53.15430661
v -41.82287537 -23.84450450 -23.52402187
v -50.92780926 -10.69323317 -6.06378916
v -29.63765347 -33.82387264 -40.77818280
v -20.12186618 -19.01585636 -45.93050264
v -24.98654837 -19.86935846 -37.83415143
v -89.01896136 -28.49409692 96.03749486
v -94.62439786 -11.08790823 112.90219638
v -96.61642560 -21.06162812 138.07489518
v -101.69867857 -0.36969217 142.25147459
v -104.34376928 1.82484430 158.15658621
v -87.92330622 -49.19204097 22.92049174
v 82.74220480 -44.68822999 18.38741240
v 83.41171758 -42.23791758 7.41013535
v 116.73283497 45.68097697 198.81549449
v 119.44955309 70.54339813 194.59946893
v 101.85825674 -7.55361953 222.94556482
v 93.97188285 -20.20023369 226.99879592
v 88.28193964 -27.31690951 230.17202130
v 48.85522256 -136.62368657 25.79710431
v 46.65936967 -135.58846686 25.04402256
v 17.78418705 -162.97489226 -43.81273293
v 11.26584453 -165.12334870 -14.10935812
v 15.53502597 -174.76154716 -6.01501289
v -2.66987393 -170.42316630 -27.84787314
v 28.70018341 -145.11590351 30.11974925
v 43.61521624 -141.25176433 38.09829306
v 43.83084551 -144.33245601 29.48908327
v 10.08069672 -164.70426116 -50.16864217
v 13.69491854 -166.58693868 -63.31296994
v 11.12349375 -169.83381857 -27.99253042
v 14.86052581 -149.80658595 23.93165959
v 18.92203268 -160.34899110 -49.70516194
v 6.91131501 -168.44198037 13.06122061
v 19.83203240 -154.27174171 6.33525348
v 29.22579461 -155.21000776 -29.56519792
v 18.34109859 -160.41585621 -14.86422977
v 23.51909994 -159.54197482 -66.56841840
v 19.11811515 -147.20193403 20.74371047
v 26.44825820 -152.82987681 -36.17243766
v 29.48010561 -153.27688417 -19.54306750
v 35.26573175 -147.97690106 0.94440793
v 31.70954244 -146.57064990 20.94143321
v 20.66639733 -143.44904675 22.92556095
v 32.56114674 -146.49820092 -56.45139137
v 38.14267690 -143.93012580 29.74926976
v 48.81186972 -117.43177352 -57.97254170
v 33.91501204 -141.99942706 21.47036099
v 38.40970383 -143.32404817 14.04518840
v 38.78771905 -144.48942301 -29.49399220
v 37.29601518 -144.36435589 40.55844717
v 48.76604474 -141.94786685 -3.92658498
v 41.46677880 -143.59237966 21.34531205
v 53.56204033 -128.66458464 26.30584311
v 75.98508976 -66.56188159 -10.93535128
v 76.43223394 -67.21171060 -5.46383845
v 71.80252750 -76.35279719 45.03029301
v 60.13118757 -113.22759480 58.37497063
v 76.98186148 -73.11919716 76.81206655
v 74.61433779 -80.94926040 80.86462348
v 72.42411590 -85.06470790 75.37877502
v 66.40186298 -101.59600963 90.20273999
v 88.81362365 -33.99931032 99.26991117
v 91.26989751 -20.16028945 104.42846018
v 63.35507075 -99.84010208 108.30583750
v 93.00550807 -12.21921189 108.27532700
v 86.86489400 -49.19919903 118.20982693
v 78.48056779 -69.69490461 125.27243806
v 69.17005117 -85.84288286 126.39582286
v 99.92366758 19.80462662 124.34182051
v 5.65260376 -168.31657025 -11.61919951
v 101.61824673 20.06150923 131.26873931
v 100.39604551 5.06323732 133.29016963
v 98.33694376 -12.93618122 139.24567177
v 102.31165359 -2.39303938 152.67442653
v 88.80577411 -44.65062485 150.73728463
v 103.97612968 19.33101440 141.34625633
v 103.55869901 37.69812399 136.64952684
v 107.55132759 32.60994921 153.49974177
v 96.48333790 -23.19817813 153.04486822
v 105.13582077 12.54011071 153.26338133
v 88.53690721 -44.44394359 161.40667421
v 106.25937875 6.08155032 171.59995165
v 97.51585281 -21.41024699 164.17899471
v 109.03491505 43.81513239 157.78430762
v 108.41395286 17.59770504 168.64544254
v 76.64277297 -62.69346018 167.44649369
v 92.55415505 -33.94428202 172.57000073
v 103.52488217 -5.10744461 181.06542683
v 79.35272703 -56.23625813 176.56038975
v 111.19418598 40.69475848 167.83651544
v 108.91204932 58.27740225 157.09270263
v 111.97934608 56.22503845 167.79850974
v 110.47017209 26.98997622 173.04241860
v 110.45029204 18.27690121 183.92097871
v 110.64761259 75.25727050 165.76213824
v 88.50654385 -40.36100464 181.50584382
v 114.60012256 43.88289640 181.61240187
v 96.94645180 -22.06563767 188.50265628
v 113.00187059 26.72933637 189.41502270
v 114.54012489 70.10617600 177.16271878
v 110.07950814 13.08152914 193.08190500
v 106.49116512 2.96003090 189.03857296
v 117.24427903 45.05837143 194.23360447
v 108.42249277 6.53232372 200.80609405
v 117.05859828 54.80577433 189.11184713
v 102.42907360 -8.86193120 203.57510191
v 94.66014742 -25.77704580 196.45214738
v 116.53909102 39.86350731 198.64833293
v 117.98020012 66.65061392 191.95041180
v 118.15847463 53.57796906 195.66563894
v 117.17070494 49.50165443 204.54988775
v 116.72184841 34.93613709 207.70101921
v 84.34258580 -41.13654578 201.59107865
v 117.69813024 73.62421761 190.61606875
v 119.32705958 63.43566130 199.36649863
v 119.12088377 50.72040828 203.44178563
v 108.18175739 6.08067451 211.29667674
v 117.31629056 83.06783007 193.17198465
v 118.01450566 76.56658136 195.55954283
v 110.96299472 14.16669103 202.71108730
v 112.39224078 17.18226336 214.40418176
v 109.69610436 10.84764417 217.33803085
v 94.10918493 -24.22446204 211.26423598
v 66.99389063 -95.54873795 55.68748449
v 92.83080599 -7.65075715 103.80091439
v 90.46610048 -32.31711124 108.57435424
v 69.34928793 -77.19421871 36.57160721
v 87.28618675 -31.00585549 222.84659911
v 88.61400138 -36.77005565 195.00383199
v 116.27984505 82.49504464 185.93573574
v 77.37813545 -63.97693754 159.64714065
v 99.95911747 36.80023496 125.01099994
v 6.95761459 -160.23654889 25.65633384
v 21.27525123 -164.30599700 -10.12962787
v 20.35066950 -158.01965547 -6.76453460
v 78.99581106 -69.82384758 98.91881398
v 81.98176776 -62.07158495 109.26686378
v 69.48588738 -89.55839134 112.42623194
v 85.65507811 -48.70381345 97.76628040
v 76.12038819 -78.10063538 99.80428783
v 42.65085337 -143.17925651 54.30829812
v 87.31421956 -42.54696783 98.68122994
v 66.16168491 -99.42848513 92.27368735
v 53.44595339 -114.82713150 96.73799123
v 62.31730075 -105.39705946 91.00338838
v 85.02815195 -42.85974810 84.58456813
v 49.28818390 -129.12434904 69.74010907
v 71.55648538 -89.12603219 94.55324653
v 83.17972092 -54.67628804 88.15188847
v 79.09708253 -57.89847150 -5.05954509
v 68.07935334 -70.23014815 11.04606226
v 69.90588218 -75.37343538 -6.61845932
v 69.68757615 -66.17378166 18.80506692
v 66.43702109 -78.86348761 -7.87078457
v 70.25874040 -68.10805398 32.92925757
v 71.61744631 -56.50510707 29.80649554
v 69.51639176 -77.55725050 33.53677972
v 74.10113867 -53.98523123 36.59981295
v 77.02040212 -60.69531404 54.98032152
v 66.69072974 -85.35072098 24.51817989
v 67.40376597 -74.69014355 30.53830683
v 72.33120756 -78.55236028 51.45436940
v 68.76966920 -87.28992414 41.94656047
v 68.35426510 -90.52842761 50.19767662
v 76.20481053 -69.60626484 61.90947324
v 71.75459398 -84.45647685 59.88804892
v 65.37197085 -94.34001430 44.81582629
v 70.15123999 -89.97416539 68.04767558
v 69.96844493 -92.81062763 67.03822512
v 83.47544269 -41.71568225 74.46456868
v 79.49945275 -61.99036600 72.91692126
v 82.71546786 -53.22948696 80.69843733
v 85.86464594 -37.52167931 84.70954115
v 79.15398900 -67.55590150 87.12348238
v 72.27799409 -88.10156411 80.87113452
v 60.26643470 -100.48912406 -35.16782340
v 49.25539855 -140.69280416 4.44077721
v 55.22768963 -134.51720581 41.50932508
v 53.98751054 -135.01925319 -11.94494959
v 55.99642820 -121.34664379 62.45965947
v 61.57935709 -125.09957762 -2.87508827
v 62.11418573 -121.22631035 14.66362005
v 61.06782423 -119.44225559 23.82172294
v 55.43787989 -117.28806912 -36.74566772
v 66.54729205 -107.99115399 3.71065987
v 69.47015582 -92.26151353 11.06853932
v 69.68441580 -76.50551809 -14.75713918
v 6.34654881 -157.18042974 33.38479258
v 16.96497957 -147.26941691 30.70623739
v 23.18345219 -147.16097362 37.85622502
v 37.52135180 -140.18620195 64.25064536
v 46.85263372 -143.28804087 46.31188209
v -47.16624401 4.86119940 -126.65777613
v -73.70347200 -3.22987112 -135.38132174
v -78.93117641 7.57515729 -141.18467479
v -94.23309588 10.80036951 -148.55661330
v -58.85548598 0.18205976 -129.38460386
v -46.69701818 -18.51976952 -117.29078579
v -82.78765561 26.57371540 -154.55269498
v -93.94792257 32.95558262 -170.34564301
v -88.78419939 57.06055854 -232.95767345
v -88.30796188 59.28438160 -240.48261378
v -53.19459041 -10.04536802 -123.48493984
v -44.09790927 -26.63272415 -111.71560069
v -33.23327497 -4.72922549 -111.67403909
v 48.19176189 11.39463070 -131.65434761
v 72.37675953 16.32750123 -143.90875368
v 82.28527880 20.31514126 -149.42209515
v 83.90750017 30.83298260 -156.18795580
v 82.71942362 42.24346155 -168.10705562
v 81.86234729 58.87121375 -210.20453804
v 82.72754315 60.12027983 -225.57890596
v 78.45645196 62.11106596 -232.35509582
v 74.81282687 57.05849146 -202.39556917
v 80.54958531 50.12148998 -180.97573431
v 12.03170253 -7.54466956 -88.39792252
v 24.86837423 18.27691151 -129.06610606
v 8.85016392 10.97835875 -116.00020549
v -23.69399058 7.65593840 -116.35266843
v -33.66534407 10.53207956 -124.91561187
v -7.77627534 10.83788551 -115.85437846
v -2.96281193 26.71425589 -134.69522002
v 26.90609931 29.71732768 -143.86654533
v -48.64916805 16.01165249 -136.32399934
v -10.72854544 28.86594873 -141.06438046
v -29.31558814 28.38801471 -144.25521968
v -3.35159834 35.03959218 -148.58217962
v 35.31792475 43.18470479 -162.05609380
v 55.73076435 39.27786172 -157.70256419
v -5.31931411 38.54772066 -156.64072168
v 43.42229976 45.66762963 -166.38637281
v 11.73819554 35.33286625 -150.88112639
v 32.72589232 47.84005442 -171.83193536
v 61.94827409 47.29289373 -172.09243598
v 18.21027764 48.37920191 -177.02332790
v -62.78731692 28.68702780 -150.87559930
v -69.16279574 18.69613111 -144.85031631
v -85.39586321 19.33775577 -149.88233131
v -34.69780304 44.22894110 -167.90110291
v 46.96155575 55.53056772 -189.44250953
v -22.65744185 49.31097615 -183.05282186
v -69.80564938 34.05897809 -160.89053045
v 73.22966779 52.67965739 -186.11750097
v 70.68543056 56.91912900 -196.41749891
v 81.78035178 52.30715009 -189.31152617
v -52.39704329 42.36137950 -169.13495041
v 21.52426981 53.71346505 -191.10578638
v 71.84435779 53.25991384 -191.17741000
v 77.30694832 53.75419148 -194.03203715
v 82.91592205 52.96397308 -198.48993075
v -91.82176596 24.05868639 -155.55651899
v 33.49974556 54.34159354 -187.27807311
v 77.08586169 59.02499726 -207.37097654
v -5.41356522 54.52541934 -200.12946743
v 48.72425781 61.02791984 -208.04681302
v -77.78627609 46.05477662 -185.14349461
v -86.82967238 39.93050964 -176.58478307
v -88.95438408 45.88654950 -190.78185657
v -27.52391975 57.15409735 -206.06502063
v 58.69374301 60.54539766 -205.60768543
v 80.01683203 60.06532443 -220.33639821
v 76.48895480 60.45634412 -214.56106244
v 36.28396823 62.05627320 -213.61682012
v 9.80609281 62.50228750 -232.60192161
v 25.14611642 61.06778384 -217.90022492
v 35.90493883 63.18779268 -228.06272279
v -42.22137108 59.15217774 -210.26158912
v 75.22802060 62.14659495 -222.31904618
v -23.36891619 60.04212614 -219.39444088
v -89.93960397 53.19500031 -211.24477019
v -32.99388608 59.34197736 -212.92785511
v -11.10800008 61.03347195 -228.57948158
v 67.99473075 62.68636071 -237.67398371
v 31.87546028 63.25886896 -236.13989881
v 50.68416830 62.79090831 -232.48355163
v 75.58125148 59.70296906 -243.51726654
v 58.12282924 63.34761409 -235.25244928
v 67.43348110 61.77220281 -242.20958868
v -39.40776673 62.19914087 -225.79195465
v -23.99846915 62.19184125 -236.27092270
v -76.63627858 58.93499769 -225.02853236
v -55.01641728 60.36774378 -219.23153412
v -67.99291143 62.27661650 -244.08948294
v -89.46410502 55.28624923 -223.34753101
v -34.57450628 63.58788276 -243.12449218
v -56.91320883 62.13339682 -240.82929150
v -45.14769616 62.26817886 -245.16499580
v -83.69145886 58.83233881 -232.21358602
v 3.54930897 62.71707199 -244.57465200
v -15.78455411 62.87518362 -244.68765503
v -48.70349691 63.06274582 -239.17201524
v -54.59399388 60.78418554 -245.31363767
v -80.32366764 60.45204655 -244.70419701
v -39.45501480 50.76076875 -183.09663894
v 5.29934150 43.77132945 -166.97377096
v -51.86646285 33.82481278 -153.80082431
v -44.45972189 38.90859588 -159.60102664
v -21.18638555 40.55616072 -161.97223233
v 78.71166736 38.46320064 -161.03689597
v 67.37491418 31.63028574 -152.40215732
v 45.64641170 23.71427504 -141.23884828
v -14.38403812 -11.07484870 -81.27198444
v -12.60622356 -16.29620029 -45.36556663
v -13.91464780 -18.89372912 -56.85872066
v -0.79199257 -17.92153417 -63.87435087
v -1.16855274 -19.20163962 -49.53793941
v 16.22775233 -7.93994335 -88.15251289
v 15.50728016 -16.76393938 -65.52106536
v -61.92187267 52.21293548 -193.88974265
v -57.42667818 55.33972238 -200.51271892
v 46.60098131 63.76101440 -227.79359789
v -64.15418978 58.90903291 -216.50162239
v 36.67426698 63.38651245 -241.76109104
v 53.17998555 62.79205388 -241.64054708
v 13.24118229 -18.07421840 -50.89140253
v 74.83144523 -58.42802615 -236.73031278
v 77.63038930 -58.38275578 -232.09851909
v 89.41334272 -38.54970744 -244.03909370
v -59.25736143 -33.59002042 -132.73259446
v -72.63459423 -37.63976775 -149.47620127
v -78.44367168 -29.23323992 -144.58260426
v -86.10065113 -34.02083440 -152.62646728
v -92.38865651 -42.00675583 -169.03685351
v -99.97205639 -40.53538203 -171.76315440
v -96.41373042 -57.66581857 -208.16285047
v -96.98994910 -54.84261220 -201.53750958
v -80.60230464 -70.32706388 -227.01080325
v -89.63396654 -67.29898838 -226.19434583
v -100.51060258 -25.90814930 -154.51783259
v -39.45957583 -52.96149176 -150.48712976
v 54.18204522 -29.79360431 -130.93502892
v 66.54424763 -21.20844410 -139.03693627
v 59.38987899 -32.43053130 -141.99405929
v 84.06443977 -23.27938505 -152.98899922
v 83.90936427 -18.23162121 -151.42562317
v 90.02301598 -17.40487020 -153.51448663
v 29.51591856 -54.68111513 -168.56947265
v 92.78408128 -23.51276264 -160.80251951
v 94.96354089 -15.99642259 -158.72075147
v 94.24047984 -33.79573029 -182.91332057
v 94.23784420 -37.25498502 -193.33229270
v 97.33013300 -35.26690709 -195.99932706
v 95.97833409 -40.36177906 -205.22784244
v 94.10784818 -45.08757264 -223.33037523
v 92.20716704 -48.38439965 -226.27187037
v 82.20319365 -56.59154896 -225.76798788
v 95.99622688 -45.13640113 -234.52625364
v 94.82396929 -34.59801188 -232.98449373
v 84.46709324 -54.47928051 -235.90067598
v 66.03948375 -63.34196792 -225.71548200
v 92.17217360 -36.35881611 -242.23458562
v 96.75862888 -31.56983081 -238.98263585
v 93.78399291 -36.20914679 -188.21189927
v 93.13530621 -38.01317866 -229.17565101
v 48.60126315 -41.40985268 -135.50340692
v 67.51447655 -30.21444986 -147.94079811
v 70.40228883 -33.87584732 -155.28969629
v 55.63357497 -40.67856387 -156.10353054
v 70.06289152 -43.17242908 -169.86053468
v 56.09802977 -44.88565997 -164.27736145
v 47.20308282 -57.70315861 -182.15295661
v -6.68352828 -60.37814553 -172.61930502
v -18.10179913 -65.24628628 -176.14458058
v 44.10706705 -55.62111698 -176.43674808
v 3.16222112 -60.20725694 -179.75617123
v 18.50599384 -67.08643507 -187.31368537
v 86.98507102 -40.11277391 -187.39493063
v 28.05924474 -66.38679341 -188.65309351
v 45.15071657 -60.64936350 -192.58740744
v 34.99505454 -62.03198127 -183.98250769
v -6.81897637 -68.43064595 -192.49982568
v -44.75306675 -50.97715594 -157.90325311
v -21.83481415 -70.48416365 -185.59296174
v -61.60265366 -45.70717840 -156.50570801
v 61.82758253 -55.33403968 -197.08552941
v -21.77441050 -70.41443246 -196.93720230
v -46.23298562 -54.91958985 -166.37839471
v -81.52527199 -43.94565153 -163.01651686
v 43.37470428 -64.92998220 -207.33185084
v 22.20616890 -68.24493486 -197.99901194
v 8.29841570 -68.30473796 -194.53666333
v -53.68410167 -59.23761816 -174.15122746
v -70.75465296 -49.79207383 -165.98749404
v 30.02139200 -69.89087349 -210.67314008
v -33.22062840 -72.08306412 -208.87597135
v -35.56418027 -68.32359254 -196.65595321
v 13.84323291 -72.39616167 -213.28207467
v 1.17547299 -73.92746174 -215.73228143
v 60.38644564 -62.08737638 -214.71305972
v -63.22138505 -61.43759142 -194.57456905
v 22.08222729 -75.54933568 -227.58000384
v 39.51517173 -70.55070131 -223.21387023
v -70.04252659 -62.93512206 -201.95498847
v -84.71167968 -51.61082862 -184.49163359
v -38.77847672 -74.62340951 -218.77289165
v 97.26307621 -44.00446284 -225.94571669
v -28.62018017 -78.36393640 -230.62750593
v -54.23385252 -70.66707566 -213.10604523
v 12.36031908 -76.83064316 -229.12610069
v -72.73848761 -54.17021406 -182.68748495
v 89.44164087 -53.04405755 -228.75592608
v 46.49095476 -70.92263285 -235.57628840
v 63.94772136 -64.17918922 -232.07927886
v 75.88646761 -60.84389152 -233.57991969
v -7.67152663 -77.72211812 -229.62914646
v -39.41415138 -77.79896970 -229.61328502
v -37.52113950 -78.34900162 -234.08188227
v -49.31933385 -77.77187861 -232.56607095
v -59.94542851 -75.93237612 -235.27334117
v -80.37524782 -68.04819455 -219.13563047
v -62.44454528 -74.70024091 -228.65150796
v -90.61882349 -59.24906079 -204.86456124
v -54.08372403 -76.20368370 -236.84891376
v -68.74251373 -74.35345468 -235.03009340
v -80.32182315 -71.50408084 -231.85081726
v -92.82550275 -67.72001484 -226.16652320
v -51.25735048 -66.84682682 -200.98639585
v -10.86717701 -74.11499423 -214.99787108
v 77.19472993 -49.35697885 -200.16729443
v -34.65664450 -64.01734807 -177.08240554
v 73.80525035 -44.93887710 -182.30678166
v -26.63379372 -60.04144045 -170.74520289
v -53.85634995 -41.35858240 -138.00544609
v 31.14863670 -55.98227956 -174.71986562
v 95.09597105 -29.93303724 -174.16514110
v 21.70385260 -63.94355590 -177.10792868
v 21.93780435 -62.56970493 -169.39820611
v 81.25936054 -33.43875306 -162.48400538
v 41.88716478 -48.44183519 -153.14678834
v 60.97715074 -65.27670645 -236.85304309
v 1.79183224 -77.88434990 -237.61359130
v -1.62394908 142.25851414 174.11576806
v 1.07187938 123.67238811 181.85966040
v -0.70075446 122.11631017 180.50684609
v -4.76555697 65.32904280 199.18282611
v 0.40883358 151.18008515 171.56900240
v -2.06523666 97.12278875 190.60865918
v -1.37459286 80.51596175 196.13799333
v -0.16022740 69.00094265 200.36853148
v -2.56634021 48.00834623 206.44716275
v 18.68626272 146.44118786 172.69753153
v -85.35824379 111.43483680 138.87728756
v -60.29961191 152.66997372 148.37823760
v -85.26896890 135.94624962 158.83703867
v -83.24628813 147.23893986 166.07220118
v -73.98307832 158.10401842 168.20979043
v -89.05842065 111.22094943 143.84466593
v -26.49313777 44.53216452 18.87969546
v -37.93815520 17.26261492 -0.43201224
v -37.79926528 3.71656962 -11.65518871
v -39.64820956 31.21274836 14.13098261
v -47.46153074 -0.04470922 -4.41079204
v -46.78535255 17.89343191 8.51655580
v -54.14350372 16.44252474 16.47071198
v -56.90472784 -5.64502930 4.41284877
v -53.53244337 38.12571067 33.59342364
v -58.22360778 26.98997158 30.23099588
v -56.44415687 50.08307744 47.92915926
v -62.51839154 63.35644070 67.44689980
v -46.50910415 73.65868327 60.87594856
v -53.41436274 80.10782227 73.13247802
v -47.58403907 89.78960903 77.56115280
v -66.34566675 93.40949474 98.49191915
v -56.19997260 101.40715841 95.64278354
v -49.06630497 107.22425644 95.48748857
v -61.94242365 105.17344503 104.75302324
v -70.38411826 95.60555006 105.15950466
v -78.56626596 94.38063111 114.58447261
v -75.26780830 100.88371291 115.46910580
v -65.21896546 118.41231176 120.14258411
v -58.78186756 122.41288685 117.95665743
v -65.75175055 129.01865118 130.74885559
v -87.76245208 102.56557501 135.20023334
v -73.09054649 122.75585608 132.66534772
v -67.61800580 134.21235428 137.52333279
v -49.70277488 144.62252278 133.08241320
v -66.79377061 143.97839715 146.19687357
v -79.42247094 120.87583164 138.03956529
v -73.54437391 130.91549603 140.60038717
v -77.57856958 136.99592134 150.57438178
v -66.88706355 150.80518606 152.16129970
v -91.48508792 119.08555927 153.54926704
v -79.09236840 140.48345193 155.08499535
v -83.98334104 129.00491721 151.14799376
v -67.74464981 158.90775061 160.60980480
v -89.66473834 131.99841140 161.68493859
v -93.64130283 122.67274689 160.30436227
v -99.42519411 119.84301748 166.92410436
v -87.08173738 138.01311086 165.15168904
v -79.41227330 152.48082814 166.81318424
v -25.71574017 160.70884734 139.47020490
v -65.19562136 72.10677766 78.34514636
v -39.91351967 -1.02875347 -13.19110579
v -23.90321297 -13.70285765 -36.00756159
v -10.89112108 12.07070316 -19.18247120
v -20.58878359 17.91769644 -11.30121359
v -28.44813937 28.29070136 3.27580724
v -17.57814809 40.71369080 11.52452256
v -11.86672887 49.88323871 19.80046603
v -6.74571086 60.63358013 30.96554889
v -33.90089301 51.52098399 30.00690623
v -29.73676814 64.73049709 41.26359635
v -12.17965156 79.39669980 51.13218057
v -43.05815242 57.08773924 41.84124630
v -36.93640706 64.75295916 45.21648629
v -15.34528899 94.24142626 67.59769099
v -26.26037013 79.20716152 54.84949703
v -36.05098807 77.70098013 57.77012379
v -44.65512634 67.51217308 53.04948514
v -28.85976959 87.71088398 64.71036988
v -38.84887839 109.86114872 92.18621962
v -31.34336676 123.09307091 102.01883375
v -41.82709048 115.36632311 99.17050978
v -23.81067344 115.89121163 92.01452151
v -47.88517008 118.75595596 105.99630507
v -47.10391956 128.14522989 114.65929878
v -27.10168465 136.78388425 115.04450914
v -21.67311598 146.59789607 123.74346068
v -37.53228257 138.35793203 120.52842753
v -49.27915513 137.66666953 125.96215174
v -32.87292215 150.82396275 131.80207947
v -38.04708663 147.99278998 130.77852284
v -49.71457726 148.72427130 137.32248953
v -25.68252366 165.87471752 144.75895089
v -45.74945034 158.49258768 145.04754465
v -15.69260584 178.08575886 155.69875136
v -24.35015210 176.55567720 155.53759426
v -37.83657992 164.53989895 147.59762201
v -48.17431276 166.65307294 154.47704471
v -29.84159585 178.86843692 160.01312477
v -63.68980093 157.26275212 155.58656343
v -36.94483762 173.90271905 156.85884889
v -37.25895228 177.21738900 161.11527796
v -53.86738367 170.75089583 162.39801207
v -16.01254013 25.64972512 -4.72153723
v -19.86383159 98.35555018 72.89264559
v -20.35703207 62.11117744 34.96153724
v -29.33954394 8.20069678 -14.84341007
v -29.79326436 5.83730450 -17.26710642
v -5.56957127 19.43835097 -12.93209575
v 116.67372329 91.51084671 188.82210450
v 117.48504307 69.74800661 197.73448765
v 41.10421948 -69.80530985 -236.39700891
v 9.24029418 -69.06528855 -239.98445609
v 65.39953286 156.41656835 159.31427418
v 0.06037923 172.70516909 149.08463065
v -6.17190452 181.23667580 158.88064490
v 51.25306438 163.32260435 155.75503449
v 39.65855523 174.30940842 161.15079203
v 5.46891633 180.52577854 158.51809875
v 33.82221693 95.09292631 76.40347712
v 49.15340078 98.38929506 89.22593575
v 57.21428514 102.13551715 98.77964159
v 57.05783190 108.79228072 105.34318121
v 40.27649759 125.70262479 110.79530441
v 57.63372093 127.06939064 123.59998325
v 59.34540403 152.76764659 150.61739075
v 36.90581831 172.23551913 157.36788978
v 31.28494907 131.29883649 112.49042957
v 46.05269717 150.26834636 139.07747457
v 32.66831081 42.28081946 21.90173860
v 17.42485968 -11.89608430 -39.10522150
v 17.88064737 15.27426116 -13.19162216
v 21.04085209 25.82109221 -1.35032580
v 20.41689183 8.75516200 -18.30942608
v 13.19002924 37.81393181 8.35875994
v 26.28440864 69.41816981 46.11747656
v 1.07236651 51.31621732 21.10733006
v 11.64970994 59.57589477 30.84038150
v 14.31328102 67.47692927 39.96177633
v 28.77377227 75.56178177 53.65704817
v 37.63541127 65.76089093 48.77204208
v 11.84417477 85.41560931 58.44277709
v 14.47572874 89.37069303 63.28939854
v 20.45319135 85.47629949 60.97104006
v 36.29773856 110.03955182 92.48800487
v 3.43322338 96.08484001 68.68813812
v 42.26448775 116.17173148 102.44623212
v 60.40642428 113.07578064 112.46828177
v 0.54980419 104.60460265 77.63073516
v 13.65373172 116.32770979 91.12461748
v 33.89322976 122.03521575 103.86037217
v 25.16875622 122.14588591 100.32769830
v 12.54694425 121.58625600 96.55503508
v 0.32627673 121.24142353 94.61901350
v 30.22544895 127.78867624 108.01640594
v -5.13153792 116.46349864 89.66626627
v 42.25284769 136.70361296 123.11662324
v 15.41940898 131.79117483 107.61082220
v -1.59030884 128.10986714 101.57396779
v -19.05349993 125.48263837 100.83147386
v 32.38104240 144.98761901 126.83903808
v 9.64133103 136.03241021 110.84351265
v 56.52223830 145.10028133 140.64306453
v 24.43475523 139.57115442 118.26066381
v -10.59251849 133.37034832 107.87760259
v 8.70506539 152.14448510 127.75438544
v 47.89891966 155.18107217 145.34964263
v 4.95325812 145.56338685 120.86444766
v -13.59195591 140.51587457 115.75560443
v -5.56856898 143.65420479 118.32708013
v 23.33542387 156.29523625 135.60763490
v 38.63793133 156.06674907 141.33118391
v 31.42409246 163.58390491 145.72467414
v -13.86349005 148.71231406 124.53949603
v 39.00716179 168.44395101 154.03383642
v 25.50342599 168.51669276 148.91198504
v 28.27813043 169.71444172 151.25979350
v -16.18452341 154.88076883 131.40835364
v 14.82500290 171.34758190 149.50049433
v -5.12752488 155.69090963 131.02890242
v 10.00354384 162.81872591 139.20534979
v -4.06536371 165.78419561 141.52097638
v -0.66541762 168.56429697 144.36614952
v -13.49770069 168.94841096 145.91107910
v -12.91210084 165.43050932 141.98226568
v 5.42761238 74.28948568 45.71874318
v 22.34208420 60.92595587 35.77149619
v -19.69115438 8.78198200 -20.00632106
v 34.99170978 53.86573594 34.82815621
v 9.16751208 21.43210153 -9.71075785
v -7.06320142 8.96061970 -22.58012874
v 25.45753270 38.85466048 14.08011719
v 17.37614929 48.76667112 21.13827034
v 1.72724791 10.94777068 -22.33828840
v 30.80935052 5.79874214 -14.36839483
v 6.65539002 12.77516621 -19.02244343
v 2.98181363 -9.70897314 -40.38027407
v 11.36432229 -13.55716500 -41.54926035
v 20.62050516 -18.91984851 -43.98791525
v 75.57639643 139.82866922 170.80538990
v 82.74437371 140.22374948 165.53809544
v 88.40692458 139.28167067 167.59698194
v 92.28011609 138.57272559 173.95313386
v 78.69602014 141.79039955 165.21322564
v 72.58737084 148.78449274 163.71600986
v 85.10857155 137.62215165 172.16923274
v 80.91100795 140.67667674 168.64661699
v 68.53938676 150.46829460 161.72639270
v 74.21943116 143.65957497 165.57949765
v 77.81498491 140.05278354 167.55526447
v 63.29927547 154.41776896 164.36446401
v 60.45066652 159.25635392 163.84679600
v 69.56310562 148.28320712 168.84836841
v 80.92154769 136.56366598 172.48859196
v 59.60622070 161.24599886 160.72783111
v 64.32299397 150.28128549 166.30886828
v 61.36666896 150.88472147 168.67373341
v 59.49980061 156.64656635 166.26554307
v 56.33342666 164.89573248 162.52941737
v 69.40454795 140.11051466 173.87318544
v 72.48385752 135.22993190 176.40693158
v 52.89073048 162.67773292 166.63776584
v 55.38114738 159.48110708 165.79977949
v 51.88573295 167.84808864 161.67411924
v 46.00185355 170.24919633 164.59330588
v 45.99700941 170.93631612 161.04494731
v 17.85204715 180.18661511 159.71856898
v 80.80020647 135.29760332 176.27757932
v 71.11976745 142.83151484 170.38089973
v -44.87812343 -102.62890360 -57.60488037
v -18.37449034 -154.04669997 -69.73841467
v -29.13236208 -90.79426904 -72.94555871
v -27.85049019 -103.69030600 -69.50251330
v -9.22074242 -113.67402132 -75.69623200
v -8.59352543 -158.15231018 -74.30894998
v -3.61111936 -110.45051725 -79.18223039
v 10.32918249 -103.91797635 -92.96541500
v 12.35381288 -109.79246863 -78.69943133
v 29.30640508 -54.63679578 -162.57955708
v 28.90985340 -70.11968168 -136.42491035
v 38.47767847 -55.59323273 -139.90401141
v 34.95191769 -71.99592855 -115.11109662
v 36.44616531 -81.78143943 -83.02948224
v 9.69365281 -87.80038208 -119.47799436
v 22.94215731 -85.24198256 -106.14029159
v -93.00235762 39.02761939 -184.18052227
v -93.30715969 35.67922793 -176.13604807
v 67.04865342 -65.71476442 0.49023982
v 68.51231747 -72.25837198 -6.98895095
v 74.34049401 -53.08100500 12.91251660
v 71.53617218 -56.10735813 18.71051009
v 82.51683499 -52.52627840 6.22551947
v 82.31990480 -51.73957290 -0.86986965
v 60.35247939 -109.07019252 95.42302641
v 30.94371005 -126.95801060 106.88954271
v 25.65280344 -127.38059133 105.88444160
v 3.77043616 -168.52992936 -36.90321169
v -10.24765790 -128.74126552 111.05169016
v -71.81100151 -69.81066001 -238.26851649
v -5.53814115 -42.46677486 235.01456472
v -5.52099977 -51.43052431 241.03310342
v -3.34077836 -42.09991149 238.19515571
v -3.68380625 -12.42665488 224.83150904
v -4.67457416 3.83805730 219.40041935
v -4.73530306 -21.31364984 230.16274267
v -1.74376943 -5.98699312 225.48118963
v -2.33884003 17.86842537 217.06355355
v -4.42247714 28.31222053 211.11728673
v 0.09828778 -46.63680065 237.64658319
v 1.20126658 -42.25418465 235.52962650
v -1.26137072 -18.33810363 229.93659657
v 0.28697733 -25.45335792 229.46649705
v 0.18687584 14.11002547 218.61781695
v 2.65796602 19.33251226 214.52821346
v -68.05913432 -59.16774648 208.65531298
v -35.63436258 -64.59640593 241.83686678
v -81.56958195 -51.37542981 188.36458490
v -77.33874735 -50.83153330 206.48975380
v -83.54497173 -46.88962093 195.15129102
v -62.82980049 -55.04133388 230.33225748
v -72.12551174 -52.22188878 217.22007445
v -56.06270130 -55.44912982 239.48832985
v -69.23004751 -51.23773285 227.54311956
v -72.07707014 -45.61645455 235.78232801
v -62.63837322 -52.18999842 238.06511369
v -83.27557530 -35.76575201 232.32480976
v -91.24488028 -26.29598722 230.17520094
v -115.57767076 25.93019240 213.40736510
v -62.26707666 -75.83791147 178.50481715
v -4.79995287 -117.74620586 138.17055725
v -32.33445987 -108.58062760 145.20662154
v -48.22126285 -117.29940466 102.28760541
v -35.58284985 -106.95263947 154.81039564
v -38.71002379 -100.17461138 157.99493727
v -43.31661044 -107.60380396 134.80899162
v -59.58465263 -110.19997724 93.36111277
v -53.14510213 -109.51900437 111.27454905
v -42.86840428 -103.00403577 145.58218012
v -57.83442720 -107.18868532 104.40877284
v -48.70504103 -105.31569979 132.06469203
v -60.48945413 -98.30370410 124.30570237
v -60.94332278 -101.23558106 111.97625512
v -62.43622644 -104.48444094 92.53369980
v -68.60518409 -97.12891149 84.30710877
v -67.07918651 -95.38814892 105.53553099
v -70.91937322 -89.94903876 94.10635944
v -59.09005796 -83.24839172 166.12761649
v -67.30142510 -86.53771695 134.50202763
v -61.66592787 -91.54558032 138.83329151
v -74.35415691 -82.83828352 101.12380026
v -69.05035158 -74.60822235 163.99794281
v -70.52526934 -88.81731285 74.02732523
v -68.21829437 -95.07104392 86.15251969
v -66.44083885 -83.54992891 36.09147179
v -71.86557090 -86.41544299 75.90307772
v -74.31155170 -81.67275495 86.94294068
v -74.39010828 -81.03090680 117.33962184
v -71.59067242 -83.64040775 125.78838903
v -56.77157748 -73.45977244 194.97156746
v -38.61977405 -77.22389592 208.35548519
v -78.88913594 -69.22495297 136.82496495
v -74.83124200 -81.03029356 107.38851202
v -69.46951345 -69.19435216 178.54792144
v -67.72693736 -64.98402265 194.61933341
v -79.54802177 -69.60365703 111.43094975
v -74.54061637 -61.50326296 184.42161269
v -78.27692147 -71.48357586 93.40794365
v -78.41187892 -61.28556992 170.18548594
v -75.03227539 -69.07914864 158.66553270
v -81.83602896 -64.30765286 122.60542784
v -80.44846686 -67.57839532 129.57099971
v -85.90801862 -53.87413484 125.32653419
v -88.11436127 -49.26744646 149.99702562
v -84.93052667 -52.54023216 166.36699471
v -75.64569964 -55.38664717 199.38985537
v -82.69097735 -58.02784554 159.37829755
v -65.10751741 -59.07858364 215.80487797
v -90.34928698 -40.72909269 175.99683186
v -89.17329819 -46.30337014 157.40763625
v -85.77648681 -46.35144884 185.61975487
v -84.35747362 -43.30432346 202.29539901
v -76.49440081 -43.14931718 231.08684280
v -89.24881790 -37.65690721 196.96536202
v -93.97592354 -33.15148640 179.24120684
v -95.95810908 -29.33545540 166.48562731
v -97.79585294 -24.27229868 179.63877837
v -93.14869953 -32.71890561 191.68711415
v -96.18000057 -27.05911473 188.59120169
v -87.65616141 -36.86322658 210.10439314
v -97.86259235 -22.18344142 200.71915172
v -101.31703271 -15.29145015 193.26357476
v -98.65883364 -19.49938794 209.43640579
v -96.20189134 -19.18428654 227.62336923
v -95.53689699 -23.08018860 219.34399375
v -101.42964202 -14.98763061 178.56450315
v -101.56673051 -10.86553715 224.71363608
v -105.21295775 -5.05322309 205.54992241
v -105.75966647 -2.30332640 222.05209717
v -107.54262696 0.36921113 215.60647826
v -47.42681293 -78.15797176 197.05712879
v -51.29793192 -101.63517842 136.84331528
v -54.30262613 -112.29659713 99.75871172
v -56.68574106 -69.31679378 205.10568970
v -23.12107632 -112.30640574 143.57860047
v -10.36291329 -116.48292300 148.76157491
v -32.25943600 -124.41853454 107.65472364
v -26.42041055 -112.41544505 149.27771623
v -39.98744638 -115.79184800 119.62049122
v -43.21464220 -92.66571347 169.22518958
v -35.11699605 -86.80329663 189.94342675
v -48.42289314 -85.20248561 179.72580795
v -46.63668989 -71.50912699 213.70830867
v -41.35318207 -71.69110194 219.17819261
v -53.20976397 -65.05461415 220.82842286
v -49.32537958 -61.29889051 235.98246946
v -47.99163886 -59.54020474 240.83590268
v -118.34716467 70.26559159 199.57650665
v 32.18754763 -63.50222646 241.77531653
v 95.75747972 -10.81585086 225.02031370
v 83.21773787 -30.56136013 232.51282364
v 57.58091818 -54.32084658 238.75540321
v 42.82277218 -61.35544608 241.08062792
v 1.02090997 -69.59375731 244.64998246
v 12.55338862 19.89664038 214.00881410
v 111.62745554 106.44340947 185.45898261
v 114.09613212 96.52061977 189.14522353
v 115.61692984 32.51110798 210.59892616
v 107.85541556 80.18851671 194.40370776
v 99.68137166 61.42206410 200.89265109
v 62.33425742 147.28703504 170.02032461
v 54.46396921 155.09223174 169.72137146
v 101.91002583 8.20462067 218.13994393
v 41.86658871 145.28217773 172.90554309
v 89.86048134 77.27657721 195.47765150
v 57.71675825 133.89622942 176.62097877
v 86.48682356 86.38849619 192.48693447
v 69.22025225 124.42287549 179.73087514
v 95.78587113 36.89118759 208.90660160
v 85.69864445 -26.44417543 230.39166316
v 33.36969226 170.45442803 164.70343933
v 72.68049227 111.55902418 183.97485345
v 50.77844655 120.22728477 181.07130621
v 34.91362247 153.54744773 170.61311476
v 83.76952406 -11.61712525 224.80494002
v 76.10200606 66.38550252 198.87731977
v 86.22919756 16.19492286 215.51539989
v 37.13047131 160.98212412 167.69720825
v 53.74779423 -49.32452972 237.25983442
v 86.56040993 49.98370439 204.50482815
v 31.10746533 143.47194734 173.48314044
v 74.48705902 -25.04852267 229.62781153
v 15.44246824 177.72196132 161.78929276
v 73.37665991 49.60875233 204.69777526
v 22.75854110 168.76666427 165.37457724
v 79.26504584 5.04756930 219.29914829
v -6.52994377 -61.13690820 241.82869772
v 11.38051934 169.78701555 165.08827458
v 59.74592782 103.22543840 186.40281508
v 9.67369403 179.22896371 160.99576794
v 68.05771282 -18.80475133 227.53867709
v 40.85823411 -46.08882089 236.08722252
v 50.24465885 84.54432827 192.51182654
v 1.00207099 -57.88929921 240.79847627
v -2.46342952 180.67947297 161.08591259
v 25.24723819 -52.22281775 238.10008894
v 43.92563952 99.70160059 187.43908040
v 21.65375311 117.75483702 181.54185238
v 17.08796839 100.38414383 187.47568897
v 11.81116189 -46.51898824 235.80206412
v 19.25867592 108.47057388 184.60713372
v 14.74021217 120.74466275 180.71624771
v -17.90398732 178.43419773 161.81260993
v -1.57588615 157.86028640 168.74517333
v 43.37055965 14.36999495 215.63698217
v 53.75522438 40.48476379 207.45100000
v 54.74191995 -1.86101946 221.43890603
v -28.17854253 160.46966083 168.11418503
v 3.39839773 128.97183439 178.14792297
v -50.14908426 -45.53063320 236.22118191
v -22.13820201 167.51505263 165.84536858
v -23.04846865 151.72302248 170.97596977
v 26.58089553 -22.75059475 228.13888399
v -42.81642420 174.35762009 163.30354949
v -11.27235160 152.06156263 170.65058145
v -2.13613907 134.25209781 176.43687343
v 43.52960859 29.95793060 210.71337129
v 25.77875595 79.75100991 193.93588316
v 33.99497644 12.54745593 216.32226943
v -12.14783034 139.23570580 174.71923819
v 12.65550544 -23.41765657 228.48754953
v -10.89443807 115.95274325 182.31065971
v -69.10587553 -44.32559026 236.27104546
v -35.02451523 145.11147252 173.03725907
v 22.96541743 62.04475022 199.83744605
v -45.45752042 -30.29060525 231.08086477
v -16.50265471 102.30542173 187.06970515
v 25.61086118 18.23658315 214.52166484
v -63.51222301 152.37952222 171.15302399
v 16.93233454 49.16082330 204.29611311
v -54.38729851 145.72592506 173.25831565
v -78.35904510 125.21407163 180.11536330
v -96.16616922 109.13986020 186.12242720
v -65.91175860 140.61216586 174.96971629
v -28.99084295 102.20295011 186.78901035
v -25.57093652 118.93501204 181.64168306
v 2.56147755 70.14389815 197.50710277
v 1.14530447 -3.25017421 222.10902263
v -96.71326814 103.33811387 187.92547741
v 3.77627357 33.54559930 209.81968682
v -31.09479587 -11.81514552 224.48356460
v -50.96256817 -17.73109263 226.86149663
v -87.65660350 81.89215147 194.91175471
v -32.04041519 87.56128249 192.13396890
v -30.19713647 75.66147087 195.93067689
v -66.71636623 112.71145690 184.16011770
v -37.32904841 -21.14439467 227.91435559
v -41.37635123 -5.10110522 222.46562521
v -114.21040654 59.15633675 203.47825143
v -101.01718351 -2.57361518 222.56512059
v -117.18686199 42.42073841 208.81283321
v -66.91232615 91.27514334 191.23699648
v -45.52449884 9.34416873 217.10329337
v -42.49777009 77.85476891 195.34242357
v -108.34866354 42.54314743 208.38344610
v -106.28454526 21.21318174 215.15844768
v -94.41622366 37.06854819 209.75642217
v -90.66830754 16.74986904 216.22672218
v -80.58672212 39.25503627 208.57912214
v 93.46306769 8.80982612 218.17751790
v 100.21702798 0.49224434 220.97921356
v 109.49095973 27.14109123 212.11378806
v 59.06554091 146.16195933 172.30184062
v 81.04165645 115.76113428 182.54848890
v 94.13615180 93.08627165 190.05110114
v 116.11225717 54.54099558 203.38989167
v 90.32767405 110.22857072 184.13506471
v 100.44850845 127.50559786 177.90645449
v 49.11345491 133.13721666 176.78276675
v 29.76239907 177.95716572 161.09964756
v 76.83738033 94.04220617 189.53156191
v 53.25548154 114.47640826 182.90021883
v 84.93225339 27.73931394 211.66375171
v 38.32144849 125.57040036 179.28001506
v 70.24344149 74.94020361 196.04239202
v 18.19910186 -58.40035376 240.05067126
v 65.24923350 93.96605927 189.44430743
v 36.51861925 133.79313510 176.75385911
v 72.32422718 27.87329839 211.72921044
v 60.37887608 -34.66946052 232.82279517
v 61.72379236 51.57499309 203.63275586
v 60.94136706 25.88250957 212.32653961
v 69.02725733 1.45853835 220.45274084
v 59.92646780 63.74137217 199.45623967
v 15.71100617 135.89197884 176.10109765
v 35.33594008 111.65147399 183.66261456
v 11.38071783 158.03529206 168.93794749
v -11.74042012 181.55256332 160.13522589
v 47.69119857 -23.25880918 228.49153319
v -24.11440370 -51.33508273 238.12247737
v 38.48508313 84.01440210 192.73031556
v 43.18125903 57.16266176 201.60530838
v 52.79828628 8.80194104 217.93500611
v 24.60683488 93.43736176 189.68564057
v 40.88997334 0.62169525 220.48723621
v -30.92570150 -65.13047685 242.76293742
v 34.18499859 71.76614486 196.77936072
v 33.42149432 -9.06798547 223.55955575
v 17.60843352 -33.37020223 231.88167488
v -26.28713026 -29.53279499 230.59909678
v 3.08402085 103.64597625 186.82922929
v -59.19914894 167.02420758 165.29325904
v -28.35639988 175.95455783 163.18440391
v 3.64617133 82.63735086 193.50886234
v 13.91592208 73.29834310 195.97274417
v -65.00455000 -30.84395214 231.21910947
v 32.01852958 33.48905040 209.43138150
v -40.08136978 157.55244573 169.03841833
v 28.47278787 53.12795265 202.74682836
v -26.17423040 140.79160556 174.36876105
v 15.00670990 -5.30121642 222.22488989
v -15.83077828 127.27860815 178.63591428
v -3.29509712 96.61043609 189.21021934
v -13.76358549 88.59094525 191.67088408
v -33.83799255 130.07489581 178.27143337
v -13.53424395 -7.13601886 222.79164516
v -6.99800543 -25.04258308 228.57480194
v -75.52007424 -28.28557214 230.21897115
v 19.51911479 38.40593653 207.72715845
v -2.43629326 77.43450349 195.22399234
v 3.49910936 45.39452139 205.60420911
v -23.93988361 80.30380685 194.53015471
v -45.19490858 126.52896713 179.38060718
v -57.07920977 -1.87546492 221.66291351
v -3.96732594 47.54054246 204.73108013
v -34.24352079 62.94606664 200.16061094
v -74.94826482 86.79409837 192.97797021
v -65.10745700 -7.37218462 223.53134979
v -51.17380767 101.31364704 187.73983795
v -83.03687708 0.85877614 220.95640597
v -111.17294545 70.31217481 199.67046996
v -45.20227207 62.26565919 200.61370469
v -69.48775969 9.40829998 218.06876141
v -22.40710882 10.77811045 216.90050600
v -53.75767884 87.82428397 192.09145568
v -59.63188078 68.11481020 198.95579013
v -93.76976241 56.30625784 203.50444716
v -99.21820205 48.04940261 206.48459138
v -23.88636876 37.55778561 208.34845593
v -78.27242519 14.67881777 216.65454770
v -55.77986026 60.98909563 201.23383264
v -69.19456148 65.43822468 199.84999245
v -82.80687983 27.00416861 212.68922593
v -80.55720347 63.94282193 200.54402513
v -53.24855007 51.94895035 203.97292878
v 0.36710093 -169.06471550 -17.81497760
v -4.32872506 -177.64542328 -8.06499337
v -0.59739285 -158.83933241 29.95232784
v -7.50551120 -164.14676673 -12.97261527
v -12.99530465 -161.92687518 -43.03882604
v -8.62087867 -164.07540658 -16.23985941
v -8.29364289 -164.94082677 -36.43251818
v -19.47479432 -149.32823462 28.17925283
v -13.11760760 -148.36090089 20.82007821
v -34.85351697 -148.99263171 29.16631447
v -34.91497156 -145.44779572 20.29948482
v -49.07218017 -136.73163249 36.10925578
v -32.57823907 -135.68990438 -60.90356086
v -36.09487747 -147.03480369 0.75907039
v -14.73434862 -154.78650810 6.37330670
v -33.71552134 -144.69410771 12.94241468
v -27.96825054 -144.79947803 -53.20100802
v -42.69137355 -121.18287482 -54.81761913
v -14.13924382 -159.43336970 -10.19778203
v -10.30368893 -166.01107971 -29.49027278
v -2.73128300 -177.58468330 -1.11922707
v -22.29693073 -154.90351498 -32.97327157
v -11.09577001 -162.34738986 -2.98877385
v -26.63883005 -153.14467153 -20.69781681
v -9.20299766 -163.28604740 -50.08243069
v -12.25636802 -163.81074306 -65.78366298
v -0.23727485 -168.41991245 -13.00404331
v -46.08039635 -141.59664950 47.28870650
v -51.65533811 -134.74716611 2.73513677
v -50.25391813 -117.76391775 97.15188461
v -55.18930367 -128.76787675 38.59284628
v -52.33962915 -124.88354840 62.42688760
v -57.08446922 -117.42021935 57.24860466
v -70.63387015 -90.42717940 78.86841719
v -64.35034628 -96.75376288 53.21814267
v -39.14985814 -144.78274944 29.74432081
v -64.78298788 -96.83245876 10.15926278
v -53.55635875 -125.72087754 23.66007226
v -49.48959481 -130.17543134 22.20686734
v -44.76223032 -141.78475014 -9.72088906
v -41.57475406 -135.00686099 -31.42636638
v -46.38678462 -134.22522382 59.06028941
v -26.70802515 -139.32176143 75.47684298
v -34.68463008 -144.99705500 39.68153697
v -30.39694918 -127.02699857 103.85571405
v -36.54945370 -147.34222514 46.18053232
v -30.68877982 -148.96601732 32.44840451
v -43.13801982 -138.54065747 24.26512180
v -41.74696695 -133.82228398 69.44960795
v -30.83669891 -149.05195201 52.57638440
v -20.56356475 -147.45440813 38.61914255
v -2.95488390 -169.25059074 -39.20845485
v 0.94866309 -169.95236831 11.62958295
v -30.47454894 -146.57955109 29.24018872
v -17.77551584 -145.02038073 26.70257655
v 30.96779228 -149.82841590 30.44194261
v -4.79137756 -113.75335217 154.77863021
v -20.62143006 -104.11393729 162.30776315
v -29.37406782 -103.56206111 167.35637889
v -96.72284754 -63.29757800 -226.42844916
v -95.09909517 -60.82492664 -236.82761360
v -97.90395102 -55.37882379 -236.10567032
v -93.93226063 -65.12110204 -229.57391872
v 81.23981638 -58.45339230 -4.74944111
v 73.71296071 -72.57819474 -8.17616626
v 76.58962134 -54.38184530 -3.81770005
v 28.44949941 4.55112897 -114.87290664
v 40.54245657 -17.34413756 -110.87258601
v 25.97218841 -12.87599284 -90.67253443
v 42.49520565 -31.72162385 -105.58823083
v 39.34468934 -41.34201933 -79.01672222
v 24.37661328 -20.60188975 -73.58698675
v 21.08042158 -21.29774457 -53.80609907
v 41.79353886 -48.88692579 -60.22877751
v -66.98201744 -51.73824925 -5.08105904
v -58.90407050 -63.11551348 -9.81273486
v -59.40223015 -72.02061666 -11.49305969
v -72.55566744 -54.43718233 -9.08160777
v -72.68345314 -56.55792778 -15.95726079
v -76.36422446 -47.45240810 0.83568825
v -72.82923654 -51.84313479 -5.07734886
v -73.07092367 -63.89661019 -20.96799141
v -72.57773531 -71.05720336 -22.60578161
v -79.33467294 -54.28165675 -1.46251455
v -80.24599268 -54.19852760 4.04643306
v -79.91334121 -45.05453324 9.69914437
v -68.20729767 -77.87173454 -10.35862576
v -88.99987745 47.65713349 -245.88620222
v -68.28987057 -63.74646510 -5.29494585
v -71.18454143 -73.15849457 -7.97514096
v -72.22091909 -59.39617800 26.71537397
v -74.40180193 -64.06806192 28.05349840
v -79.47865805 -55.19319251 29.97211868
v -83.70269071 -47.62681996 25.17026323
v -83.45194592 -49.50155723 21.54477080
v -79.53289530 -54.24056326 18.18309662
v -66.32850794 -79.30925589 -5.68225665
v -65.08801155 -63.54206469 2.65261102
v -68.37524651 -60.61894933 -3.78767399
v -64.21694411 -76.54400850 -8.21470492
v -67.87752366 -69.65243074 6.02026720
v -68.28176215 -64.35521146 20.22637521
v -68.72250203 -56.94267251 6.99760203
v -64.56787542 -70.98571319 0.81492042
v -58.44280967 -66.62876518 3.68529838
v -80.60238678 -60.63822886 26.38703189
v -83.64766540 -54.50928398 29.70768404
v -67.54290815 -64.82169709 6.55698370
v 74.36534262 -56.88429113 -9.58585350
v 83.61691296 -46.45482921 -0.76300603
v 78.86586306 -46.97702074 -3.48323692
v 79.69313958 -54.88037604 -9.27602884
v 75.02362943 -49.66950893 -7.81147735
v 76.84611008 -42.78107643 1.24088541
v 82.43330688 -49.57756337 -5.71523609
v 72.40898187 -55.23753788 -11.18639181
v 77.58391583 -59.04185135 -10.04547783
v 72.21030687 -70.83707673 -15.10917673
v 68.59138935 -65.03679997 -13.11301571
v 84.48652860 -47.25395948 4.18497187
v 82.38309338 -51.14276580 9.33995408
v 70.68606912 -56.05620429 25.05374539
v 70.49142265 -63.21592773 23.60429324
v -76.54739029 -11.49787371 -135.66820214
v -88.72356345 -16.31030182 -142.37724691
v -98.16677215 1.17452592 -147.42331326
v -84.03859784 -2.33492156 -139.87167017
v -54.33031170 -21.03848799 -123.00375298
v -44.92201030 -40.40175122 -115.44154153
v -100.14555494 -12.88616631 -149.60899448
v -66.71475902 -26.97782519 -133.98814969
v -54.88273905 -29.16594639 -124.86454817
v -2.77656330 -70.21601035 247.95501444
v -5.45707596 -127.93170319 115.47950458
v -6.73883229 -110.87058113 153.48594437
v -6.98998110 -103.54578035 175.40303749
v -3.23194735 -102.37458912 181.50938226
v -5.97549415 -86.81028093 203.05189786
v -25.55662126 -86.55802674 197.06760447
v -5.48689469 -78.50319149 222.26222423
v -6.99099256 -69.37155956 244.24658837
v -3.09728950 -89.79612076 205.19180326
v -0.19876864 -96.26539455 191.55219436
v 0.96760952 -73.83278573 234.43577099
v 19.47988250 -113.69554755 138.90736765
v 4.69882578 -129.56101704 113.56880885
v 3.70525781 -129.73782332 111.14631610
v 6.33964392 -121.37379142 125.39112116
v -1.64616613 -129.34930901 111.92935183
v 1.30192960 -132.18501079 116.69842380
v 17.14724786 -112.63600722 142.99942467
v 11.68669279 -122.75828675 121.25004889
v 9.37429938 -132.16643953 114.66698493
v -5.77390497 -130.96957905 116.08139648
v 24.35653959 -109.46896281 147.42370373
v 29.71395064 -106.24314169 151.25097948
v 4.80903882 -112.61486534 144.19657076
v 5.59430107 -130.74045075 124.37670598
v 24.89035973 -113.16137813 145.21981952
v 9.91221947 -111.56900446 147.15517097
v 34.08283054 -108.57678342 149.76381393
v 14.32268822 -107.89939772 153.60357868
v -0.18405534 -127.93626352 126.64929796
v -5.05249975 -125.40125734 129.10076045
v 2.69672705 -123.60119792 137.59536313
v -19.46592237 -127.45269081 110.18650069
v 3.69036927 -116.78769680 145.89423381
v -5.08659023 -124.19362096 123.08935760
v -11.96447168 -130.61504914 109.34149292
v -4.60147526 -118.76842442 146.37648741
v -1.15355535 -117.38987479 145.98827562
v 31.42844940 -104.60610749 160.23887378
v 4.31558633 -111.04728938 161.34963417
v -5.42600777 -115.88505411 151.43994536
v 27.13624542 -104.06766004 158.09874247
v -17.91158503 -120.98320980 124.81518104
v -31.41722810 -121.37904514 115.67515795
v -33.51322850 -126.66178989 105.12868033
v -4.56691803 -109.25688639 161.90957203
v -10.61142038 -114.61958124 143.45743221
v -8.21925488 -110.14932486 163.08793158
v -21.60576834 -118.04863172 129.99612012
v 0.53477590 -106.91284067 166.13910324
v 4.43282379 -106.38891561 170.03452467
v -6.89278078 -106.59166978 166.35032933
v 0.29814300 -104.68728779 178.50597199
v -20.20726759 -115.18671440 137.96868781
v -31.93152076 -115.66671236 128.31678283
v -15.88938623 -101.46048687 169.51489458
v -8.01904973 -99.62601257 175.39856200
v 8.30750733 -98.90381079 175.98633036
v -24.42993416 -98.98734317 170.11390292
v -31.88105925 -111.65293464 137.25144874
v 3.92212167 -92.50515104 189.62490381
v -19.99115795 -97.14739509 176.29054533
v -30.75770563 -104.04461123 158.64606913
v -26.38558100 -93.12630188 181.74701820
v 12.07304874 -92.50536016 188.03890956
v -32.71367382 -98.22962666 166.98969783
v -16.32569154 -91.26054787 190.02117990
v -4.58858707 -91.78240548 192.94225190
v 14.38684090 -86.51768247 200.56086774
v 1.32812294 -83.50596440 211.36650426
v -23.82749243 -90.13360573 189.81105593
v -18.82141230 -86.01263246 201.07454892
v -22.64738078 -79.94756973 212.78518023
v 3.08073451 -78.28453752 222.67262929
v -31.19427412 -82.54276925 202.27936276
v -6.49161004 -81.35726265 215.56759042
v 5.96270841 -75.90675089 227.93223042
v -33.30216406 -73.89308028 220.78085096
v 19.47294149 -72.76626768 230.40453207
v -20.89381195 -74.89777517 226.20805611
v 9.57982783 -71.85320806 237.62686067
v -1.55886427 -81.05771855 224.62575951
v 22.66363090 -66.84982869 242.98789291
v 14.00607500 -68.92489899 243.43586701
v -18.03002245 -68.15103624 243.80209186
v -24.57757994 -67.14764970 243.81795671
v -27.72660232 -69.36481677 236.03381204
v -26.00167695 -107.56349269 152.16933594
v 9.22818546 -101.02052508 170.59722272
v 0.58243577 91.32568828 192.74698322
v 0.21936768 46.89808870 207.88811478
v -78.81977788 -36.11917917 233.40228686
v -82.81334941 135.83516684 171.24731628
v -88.89374328 122.26414074 176.92145032
v -95.39772939 -16.80102155 -245.84275541
v -95.57728759 -28.04172580 -245.54257102
v -93.27065758 21.10678109 -245.03273482
v -97.64476746 13.52032773 -154.10162172
v -95.55129688 23.99687001 -159.69892455
v -99.06435178 -6.36393617 -165.86414487
v -96.63376019 19.94862858 -171.83682432
v -100.99441173 -40.57565118 -177.19126585
v -98.65483378 -48.29417775 -187.09398248
v -99.63448581 -48.93190914 -195.08623615
v -93.42117409 34.67890064 -189.11747424
v -100.33494113 -37.63572338 -186.84970434
v -96.08963795 14.43785772 -189.04025989
v -91.54477100 46.21332907 -195.85106434
v -98.85158940 -51.36179595 -203.52878405
v -99.34823614 -42.87626756 -210.15353692
v -98.08344998 -53.95685006 -211.01258134
v -95.73863179 11.89622126 -199.37784818
v -97.37102554 -60.30518643 -213.66114453
v -91.24898343 47.64728057 -211.05477537
v -98.04915115 -47.67459755 -211.43515870
v -99.02365465 -49.72170834 -216.61932188
v -98.03033854 -58.31532587 -221.17661894
v -97.05109370 0.62962031 -196.71227222
v -90.74987281 47.04481019 -224.69169193
v -95.33315286 10.37421962 -218.56970719
v -98.27865429 -56.20958923 -227.68064265
v -93.50897198 32.64514286 -213.66543457
v -96.57426864 -9.64882941 -214.65321729
v -94.70310982 8.44082213 -229.81527087
v -91.43129626 45.03877319 -233.26415432
v -96.80047043 -25.51021175 -232.39823852
v -92.98302137 33.29632589 -223.90943951
v -90.32813839 42.42092310 -245.31513532
v -110.95265683 89.17091651 186.25689762
v -96.76055608 -40.78484766 -245.48062542
v 74.51766681 -47.73927553 -244.51096430
v 59.74506145 -54.07821839 -244.81032715
v 83.85253663 -39.26698348 -245.12971301
v 88.03372963 20.68347746 -245.55740459
v -14.66342338 -72.94210681 -244.09871920
v -85.25764351 -58.51095305 -244.61998235
v 26.53385852 62.60957050 -244.00324021
v 16.06006510 63.11176137 -244.24979501
v 31.04169558 -62.65852604 -244.72680019
v -34.45967750 -66.55819780 -244.85088396
v -51.93733776 -67.50728155 -244.40169838
v 37.87234585 -65.44367476 -243.19080749
v 9.84220410 -68.81379018 -244.17012172
v -94.16088689 1.88495390 -245.50634689
v -22.81930590 60.77796205 -245.09609542
v -33.92549610 -71.57703334 -242.76542301
v 67.16833600 -49.97293489 231.41120640
v 81.56762174 -35.06683372 232.56144732
v 66.81629437 -47.00989719 236.94456865
v 58.60089237 -59.04809705 224.11737317
v 55.39692219 -110.17049762 105.39325711
v 48.93634446 -112.07474728 114.29758136
v 64.69779914 -91.64025819 127.13069039
v 54.85549613 -101.99271823 127.95984235
v 70.77619161 -80.63995335 135.52146422
v 59.63999951 -93.43759718 138.35315989
v 51.66802751 -86.35866200 169.08164503
v 35.79675606 -100.43256972 157.44041626
v 56.59469144 -81.37390273 172.93855488
v 6.48495928 -103.50647568 172.02645528
v 28.32861406 -100.15393996 164.47595784
v 58.64707492 -71.27944586 192.92670527
v 69.50487230 -66.45175408 180.59281739
v 66.33006941 -60.72242303 203.58366641
v 80.83129074 -48.67044644 193.58694435
v 77.85484106 -49.91127216 201.33053294
v 3.66726293 -87.77964499 200.27062171
v 66.13564403 -54.37845154 221.25225881
v 79.16658311 -43.61261385 214.95819717
v 73.27052840 -42.78910733 235.52688186
v 53.92506006 -113.05420715 101.01985036
v 2.77986258 -98.34592678 178.92300533
v 68.52201857 -72.66992024 166.97902561
v 69.82695694 -78.50899402 145.88480609
v 55.89230519 -105.02393406 118.09269933
v 54.45990288 -108.43903610 112.39130376
v 48.71517183 -110.30537793 119.76086642
v 27.24872006 -125.41150447 109.37139791
v 33.60152689 -119.93932904 116.13863886
v 19.14830765 -128.35100643 109.61237520
v 25.79260992 -118.94735578 124.24956844
v 18.77635074 -124.07543270 116.05148227
v 11.16854048 -128.13251935 110.94633264
v 29.51721981 -110.68596925 140.14915920
v 34.65779959 -107.35231974 143.90175789
v 39.18668851 -91.90376022 173.29561031
v 21.36548522 -96.36846554 176.37117746
v 49.39983317 -77.28954667 193.47436303
v 33.91318253 -84.70134242 193.64936166
v 57.67664160 -66.53907885 206.16051906
v 26.20340663 -84.73261700 199.73119530
v 28.54188170 -79.24945645 209.70898029
v 38.72267097 -75.93793185 209.38682503
v 10.88102656 -81.27986610 213.59341579
v 42.87063899 -69.01562901 221.49065175
v 50.58069974 -68.00571601 214.26203866
v 30.17255403 -73.91309941 221.22332548
v 43.69238186 -64.52910702 231.66680689
v 31.04642189 -68.52451105 233.12815020
v 44.04532797 -103.23442617 143.19265266
v 39.64272086 -109.73649817 133.65150462
v 37.91113643 -121.77441799 107.89536544
v 44.31624131 -118.66274457 106.13434767
v 115.88005168 34.02163391 198.53993031
v 35.22958694 -73.08030155 -233.34954667
v 59.60821172 -61.82191979 -239.68258482
v 77.74530028 -52.88912647 -239.05928386
v 92.31311024 -42.87781107 -240.37950529
v 87.15672112 -47.69492400 -240.80452566
v 75.19275360 -54.92957206 -236.88623324
v 70.11673482 -56.28794456 -240.12582359
v 27.34749965 -70.52922688 -241.19710580
v 15.87191451 -70.60946056 -242.94128552
v 1.06727926 -70.13772688 -244.01236541
v -36.51521383 -72.30941119 -240.18239041
v -26.41565544 -73.86049386 -241.21778919
v -29.72872400 -71.91990746 -242.50213610
v -39.43673724 -69.05308196 -244.24250959
v -62.57282236 -69.31901297 -241.19542198
v -74.57960493 -67.79440935 -240.10975991
v -84.33844378 -65.52862059 -239.42235361
v -69.09730229 -63.26010736 -244.77156931
v -89.91265781 -65.06489450 -236.64006919
v -97.38307234 -52.66831380 -243.73623956
v 51.39328800 -63.91210211 -240.84585545
v -74.02208756 -71.48614335 -235.23394065
v 28.17228484 -74.27157039 -236.49261924
v 55.19824223 -68.13426349 -235.21244952
v 21.77976316 -75.88438203 -235.45025507
v 26.89890583 -75.59963834 -232.74267951
v 16.53833786 -77.04850313 -234.89879462
v 36.08175168 -70.62986390 -238.98309223
v 8.02510639 -77.43650240 -237.04115707
v -3.37279881 -75.42532287 -239.10269525
v -21.77526927 -78.55116008 -233.97427086
v 17.21351782 -71.57729937 -238.04201819
v -3.16010994 -78.04815868 -234.08519195
v -12.00673489 -77.73881881 -235.49998222
v -17.72376099 -76.33453609 -241.15823730
v -34.57059637 -76.44995055 -238.26160129
v -27.80259616 -77.62371676 -235.39334472
v 7.84623235 -74.46758866 -240.62703423
v -31.82662662 -74.80438110 -238.21208990
v -46.18826397 -76.87228225 -236.21321039
v -49.11358098 -73.01555762 -241.12352538
v -8.93786398 -76.48640190 -239.56247797
v -0.90588250 -72.99007017 -243.39330934
v -10.95563840 -74.26955275 -241.44780392
v -7.29930329 -73.04201591 -243.85384446
v -41.58020086 -72.89470661 -241.95805019
v 3.84532022 -73.59879949 -243.44639282
v -21.70796647 -72.60862584 -243.54094652
v -86.03283693 -68.77997224 -232.45654567
v -87.63181555 -65.50240067 -233.32129609
v -25.43725375 -147.62239368 20.18451091
v 33.92671120 -148.54136390 33.45507973
v 25.65297919 -149.00816428 29.91333054
v 14.34618168 -163.93134569 -36.37079983
v 4.28919238 -171.86781835 -29.54240944
v 23.33128751 -158.82911907 -33.76064486
v 17.94396285 -166.90124581 -12.98485329
v 11.34629937 -174.16686733 -11.12023165
v 7.01740275 -172.68529080 -14.21040172
v 3.53938901 -178.02990048 -15.41624076
v 11.26800210 -166.84956818 -46.24879084
v -4.39565241 -166.91388255 -46.11034033
v 14.42965345 -163.70843684 -10.15675493
v -19.56975771 -99.61443609 -77.30541827
v -18.50320472 -64.63052906 -163.99573947
v -27.21673843 -69.43150705 -129.85672988
v -29.15283896 -80.52272146 -92.15255840
v 0.03250622 -102.73292007 -95.60676225
v 23.25726238 -67.10385823 -149.82058994
v -7.57829688 -62.15920337 -163.30053557
v -34.59033322 -56.17781296 -145.59817115
v 11.26992434 -60.48903031 -168.23074546
v 9.04407045 -64.19489941 -160.18864496
v -15.24419500 -71.18994536 -141.64586955
v 2.60144101 -81.46815396 -134.91668709
v -21.19777166 -75.12131236 -124.53264417
v 2.12977014 -93.75170909 -110.47098256
v -6.95391783 -91.66437086 -107.41994306
v 6.56629549 -179.34103948 -0.23926777
v 4.42172107 -181.71129547 -7.52031048
v 7.58312632 -129.87175593 107.13286922
v -11.71175861 -153.80660475 45.23021713
v -9.23805710 -129.74957751 106.97257748
v -27.04245573 -143.62132554 63.00817136
v -5.63706907 -154.35349881 48.22977362
v -9.90430285 -146.51225676 62.53495217
v -2.09299933 -156.66837574 35.52612575
v -11.73449271 -141.59211688 77.29007603
v 10.67574351 -155.41408714 43.54349768
v 17.71039651 -152.10206257 52.55621406
v 20.17992097 -140.52923963 77.74362563
v 36.65106660 -136.73154007 74.52370802
v 19.72596564 -144.52993629 65.55430723
v 31.37217311 -150.02719868 50.80906639
v 41.83358951 -122.15018594 102.42075708
v -20.50724874 -152.76735783 -35.74044818
v 8.19702034 -170.99032514 -9.19248081
v 6.60746015 -168.37220741 -19.00764593
v -10.20744100 -167.96478357 -13.65787152
v -1.93173645 -175.35502606 -11.92955812
v -5.58508637 -167.02290172 -10.04336928
v 0.37727129 -171.54059990 -10.73827292
v -14.19530904 -165.10065622 -11.13549103
v -13.34127399 -147.60011126 32.64313863
v -21.06168729 -149.69224012 31.06240850
v -30.89918930 -143.13293686 20.34412730
v -5.62306841 -120.02044544 143.55083374
v -67.22982394 -79.33298640 -23.57849173
v -69.47082611 -58.46296001 26.62723006
v -67.07258219 -96.79058301 81.93950065
v -86.79665955 -68.38886706 -224.31133094
v 85.38200164 -51.98376672 -2.66699299
v 63.18724409 -60.73221007 3.20581272
v 67.99580956 -60.45163437 3.33945105
v 74.45849726 -61.85368093 24.40393051
v 76.94666800 -49.91294350 4.07548834
v 76.11872537 -52.77696195 -0.02185491
v 70.04513048 -55.78751437 9.72337488
v 74.30021512 -57.61258085 6.23181632
v 70.05511776 -58.80543364 14.31745564
v 73.28212219 -58.55314742 22.39663593
v 75.99266346 -61.24160084 20.62283071
v 63.37458378 -65.35795295 6.48098128
v 68.46484594 -70.07639496 -0.75016259
v 62.82969439 -66.27299786 2.02113098
v 72.24083330 -71.27913098 1.22370471
v 70.52572811 -67.48008699 8.32220559
v 45.07673858 -121.26171089 104.11667297
v 48.16195705 -26.65665406 -119.29156963
v 56.61095497 -16.04103923 -129.14538758
v 56.74717930 -6.24258438 -129.54843061
v 54.29792242 3.65059166 -131.29394934
v 62.89664762 -3.84290367 -133.69414123
v 63.25130047 -14.33261229 -134.23478586
v 74.14162807 -12.86356732 -142.02222579
v 76.14981740 -19.01007677 -145.34550722
v 84.03803316 -2.74388638 -145.45423454
v 76.73378551 -4.56100648 -141.60136267
v 84.83605100 -9.27552096 -148.45623058
v 83.46022530 2.88601001 -144.85435463
v 89.65988600 5.93026593 -149.15700813
v 79.50588154 6.93526761 -143.65965617
v 39.26862441 -3.23859482 -117.87782209
v 48.61827336 -33.98596152 -121.90206284
v 93.31815873 -35.42982991 -236.52629182
v 8.09296250 -125.44568995 121.21282527
v 9.09363896 -111.99060823 156.35364676
v 4.72368697 -105.06860476 163.67527850
v 77.64661034 43.26328105 -167.47567793
v 21.37239411 -73.28343090 -237.64752012
v 13.02641761 -69.12273664 -242.15402882
v 89.47374534 4.21529020 -245.46741896
v -79.81427296 -48.30139632 0.90331894
v -80.42112127 -48.21960874 19.39428311
v -78.49479643 -54.80918556 -5.79286280
v -78.94796744 -56.85505934 -12.50152166
v -77.67539595 -60.48480830 -6.87803811
v -79.31027570 -54.55587755 8.05085444
v -64.58228873 -75.53094412 6.18408843
v -77.83211831 -55.87826093 -9.66864979
v -69.83182434 -73.63009411 -15.71624226
v -69.46941742 -73.69410514 0.20428166
v -79.23484278 -58.36441028 26.72765805
v -73.93170378 -65.65696303 22.22077869
v -66.03113323 -79.68735591 -15.64871001
v -73.36993390 -56.86080148 -3.19253289
v -73.89253202 -53.40164707 3.47392986
v -69.80875293 -58.62974658 16.23699278
v -71.91546528 -59.22651861 4.41704317
v -66.91986678 -62.65281748 13.03772772
v -66.22358837 -68.12439077 10.13230756
v -63.10146377 -82.65042860 -17.40320447
v -71.20177533 -66.53916351 14.98699216
v -65.69084599 -76.13690074 -14.76970769
v -65.36249923 -72.03005680 -24.11165782
v 81.25852540 -52.12120859 20.55517363
v 78.64999165 -47.04924838 20.16513335
v -68.63268882 162.47543079 165.83055666
v -11.57735101 -138.32563484 -72.77225000
v 8.98806318 -152.65800950 -75.67792760
v 5.18847270 -139.98279336 -74.52182229
v 18.83453155 -114.77236299 -75.08162027
v 31.01118629 -134.28782360 -69.88278017
v 44.96035336 -117.80541549 -63.54487637
v 36.96870241 -98.94782764 -68.44626604
v 10.37389609 -168.53884033 -38.69800701
v -1.57783503 -168.12672453 -62.54959260
v 6.76502471 -164.89912836 -71.84960133
v 54.86614204 -26.02933874 -13.98979734
v -45.54906943 -54.60156890 -34.70274934
v -36.93951554 -31.27455946 -97.09767789
v -35.76495196 -44.65620076 -72.12447216
v -24.05907942 -14.60160362 -86.93865313
v -21.30172440 -22.88778383 -56.26588490
v -21.39627351 -19.17768207 -70.89458366
v -15.05150340 -12.20927666 -40.66329759
v 69.89577598 -61.56880653 7.25086081
v 48.84902336 34.55934563 28.77771018
v 51.30569736 39.06691123 35.10262572
v 90.74565602 5.28655658 91.20913925
v 6.88061596 -125.54333811 117.35319145
v 5.67589536 -117.63828205 134.09582591
v 4.31429693 -112.59895696 153.76185385
v 39.43839248 60.75022394 -244.90630564
v 83.55771593 24.51315464 76.89098627
v 82.68633036 17.26882549 78.10035471
v -92.20636703 14.32902041 -246.46689647
v 91.24994169 -4.85185028 -245.41706853
v -19.65312118 12.08347020 -247.68210008
v 20.83089949 -19.35179703 -247.11203768
f 14 19 16
f 19 148 16
f 783 808 806
f 1802 2002 1727
f 742 737 2001
f 1722 2002 2001
f 1718 2001 2002
f 2002 1728 1718
f 1944 2002 1722
f 737 1733 2001
f 1724 1718 1728
f 1684 2001 1718
f 1728 2002 1802
f 1722 1996 283
f 1996 1722 2001
f 742 2001 1543
f 2001 1683 1999
f 2002 1944 2000
f 1999 1543 2001
f 1728 1802 1840
f 2000 279 2002
f 739 2001 1733
f 742 1543 733
f 1684 1683 2001
f 2002 1721 1720
f 768 1721 2002
f 1802 1727 1731
f 2002 1720 1727
f 726 283 1996
f 1997 1998 179
f 1998 1997 132
f 764 1996 763
f 728 726 764
f 277 283 726
f 1995 1622 1612
f 1938 1994 1613
f 1613 1994 1620
f 1612 1622 1994
f 1620 1994 1622
f 1613 1608 1938
f 1993 1601 1602
f 1938 1993 1607
f 127 575 114
f 1992 127 128
f 132 1992 133
f 128 133 1992
f 111 35 167
f 111 167 30
f 1917 1915 1129
f 1915 1989 1919
f 1915 1905 1989
f 1986 454 754
f 455 1988 454
f 944 1988 455
f 454 1986 453
f 1986 1987 1984
f 1986 1984 450
f 453 1986 450
f 1987 1985 1983
f 1983 1985 654
f 1984 1987 1983
f 1982 453 450
f 449 1984 1983
f 449 444 1984
f 451 944 455
f 192 1981 11
f 1491 1465 1502
f 479 1980 487
f 1979 1980 479
f 479 478 1979
f 1481 1980 1979
f 1979 478 1480
f 1480 478 1853
f 1480 1853 1854
f 487 1980 7
f 1853 1978 1507
f 1853 1507 1854
f 1889 520 1855
f 1977 1976 1975
f 1974 1977 1975
f 1975 1976 7
f 1974 1975 1973
f 1973 1975 1972
f 1117 1119 1974
f 1972 1975 7
f 1117 1974 1115
f 1115 1974 1973
f 1972 7 1980
f 1971 1115 1973
f 1973 1972 1116
f 1116 1971 1973
f 1116 1972 1980
f 984 1970 1412
f 984 1324 983
f 763 1996 1725
f 1376 561 566
f 613 611 607
f 611 1577 5
f 1969 197 1577
f 4 198 195
f 1969 1968 462
f 1913 1968 1577
f 1577 1968 1969
f 1555 1954 1559
f 1559 1954 1556
f 1559 1556 1560
f 1552 1954 1555
f 290 1959 1558
f 1959 290 1540
f 1557 290 1962
f 1558 1962 290
f 1967 296 1900
f 296 1964 1900
f 1959 1539 1958
f 1951 1552 439
f 1950 1960 1551
f 1955 1551 1960
f 1547 1561 1956
f 1547 1956 303
f 1965 303 1956
f 303 1965 1963
f 1562 1561 1547
f 290 1950 1540
f 1539 1959 1540
f 1947 1958 1539
f 1964 1542 1957
f 1542 1964 439
f 1900 1964 1957
f 1552 1542 439
f 1948 1538 1952
f 1961 1958 1554
f 1957 1966 1953
f 1558 1959 1958
f 1960 1950 290
f 1553 1961 1554
f 1961 1563 1965
f 1563 1961 1553
f 1552 1951 1954
f 1963 1954 1951
f 1563 1963 1965
f 1553 1560 1563
f 1958 1961 1558
f 1955 1960 1557
f 1551 1955 1550
f 303 304 1901
f 1948 1537 1538
f 1538 1900 1957
f 1952 1538 1953
f 1953 1538 1957
f 1949 1952 1953
f 1545 1949 1953
f 1953 1542 1545
f 461 1561 1562
f 290 1557 1960
f 1954 1963 1556
f 1563 1556 1963
f 1966 1957 1542
f 1949 1947 1952
f 1967 1532 296
f 1534 1533 1532
f 1534 1532 1967
f 1534 1967 1537
f 295 1531 1530
f 1530 305 295
f 305 1530 1535
f 305 1535 1541
f 1945 1536 1947
f 1549 1946 1550
f 1550 461 1549
f 1535 1945 1541
f 1536 1945 1535
f 1535 1530 1536
f 5 197 138
f 737 735 1733
f 994 1731 1943
f 1802 1731 994
f 281 1722 276
f 2000 1944 275
f 1944 281 275
f 275 279 2000
f 1824 1943 1801
f 1544 291 1949
f 1601 1608 1605
f 1605 1609 1604
f 1601 1605 1604
f 1604 1609 1589
f 1917 1129 1905
f 1905 1129 1906
f 604 198 637
f 269 266 270
f 252 254 660
f 1939 1614 1610
f 1939 1610 1617
f 1940 1639 1628
f 1939 1940 1628
f 1940 1939 1617
f 1938 1608 1601
f 1938 1601 1993
f 1938 1603 1994
f 1937 804 243
f 1936 1525 123
f 1935 1523 1922
f 1921 1922 1523
f 781 1921 1936
f 1935 1922 1923
f 1924 1935 1923
f 781 1922 1921
f 1926 1922 782
f 1934 1924 1925
f 1934 657 1924
f 1930 1925 1926
f 1926 782 1927
f 1930 1926 1927
f 1927 1928 1931
f 1934 1930 1932
f 658 657 246
f 1934 1932 246
f 246 1932 1933
f 1933 1932 245
f 1934 246 657
f 1930 1929 1932
f 786 789 245
f 245 1932 1929
f 1931 786 245
f 1931 245 1929
f 785 1931 1928
f 784 785 1928
f 1929 1927 1931
f 1927 1929 1930
f 1925 1930 1934
f 1923 1926 1925
f 1923 1925 1924
f 1923 1922 1926
f 781 782 1922
f 1935 1924 656
f 1768 1136 1766
f 1624 1604 1139
f 1247 1633 1621
f 1771 1602 1768
f 1139 1621 1624
f 1621 1633 1624
f 17 20 18
f 603 1907 1578
f 1578 1907 1577
f 1913 1907 1914
f 1913 1577 1907
f 1919 1916 1915
f 1916 1918 602
f 1916 1919 1918
f 602 1130 1916
f 1912 1913 1914
f 1130 602 1520
f 1132 1912 1131
f 1913 1912 1132
f 1908 1133 1912
f 1134 1133 1908
f 1912 1910 1908
f 1910 1912 1911
f 1912 1914 1911
f 1911 1909 1910
f 1909 1521 1908
f 1906 1521 1909
f 1130 1521 1906
f 1916 1130 1129
f 1906 1129 1130
f 1910 1909 1908
f 1909 1911 1989
f 1989 1911 603
f 603 1911 1914
f 1989 1906 1909
f 1905 1906 1989
f 603 601 1989
f 603 1914 1907
f 1904 1565 1575
f 1567 1570 1904
f 1572 1904 1519
f 1567 1904 1572
f 1575 1576 1904
f 1576 1133 1904
f 1570 1565 1904
f 866 778 1903
f 1875 1873 1624
f 1633 1485 1500
f 1902 1185 1489
f 1490 359 302
f 1633 1500 1624
f 1624 1500 1875
f 1902 1177 1185
f 1195 304 302
f 1490 1489 359
f 1901 304 301
f 347 304 1195
f 440 1964 296
f 440 439 1964
f 1171 1623 1619
f 1899 1171 1619
f 1609 1619 1623
f 1609 1623 1589
f 294 1843 1464
f 1898 1843 294
f 1843 1898 1466
f 1466 1898 1503
f 294 1464 1510
f 1463 1510 1464
f 1502 1465 1897
f 1506 1502 1897
f 1499 1502 1506
f 1506 1897 1896
f 1897 1465 1463
f 1464 1897 1463
f 1896 1897 1464
f 1461 1895 1474
f 1459 1891 1461
f 1893 1891 1459
f 1894 1892 1893
f 1893 1892 1891
f 1459 1482 1893
f 1894 1893 1482
f 1482 1892 1894
f 1482 1456 1892
f 1852 1892 1456
f 1456 1890 1852
f 1457 1892 1852
f 1891 1895 1461
f 1892 1457 1891
f 1850 1851 1889
f 520 1889 1851
f 474 1138 1847
f 1462 1138 474
f 1475 1462 474
f 1477 1462 1475
f 1888 1462 1477
f 1886 591 641
f 1885 1886 641
f 1887 1137 1884
f 641 1884 1883
f 1885 641 1883
f 1882 1886 1885
f 1882 1881 1886
f 1883 1884 1137
f 1873 1883 1137
f 1881 1882 1885
f 638 1881 1879
f 1879 1881 1877
f 1877 1881 1885
f 1883 1873 1875
f 483 638 1458
f 1458 1508 483
f 1871 483 1508
f 1877 1885 1878
f 1458 638 1879
f 1880 1883 1875
f 1885 1883 1878
f 1878 1883 1880
f 1508 1476 1871
f 1874 1879 1877
f 1876 1878 1880
f 1876 1877 1878
f 1505 1877 1876
f 1876 1880 1498
f 1875 1500 1498
f 1875 1498 1880
f 1877 1505 1874
f 1872 473 1871
f 1476 1872 1871
f 1870 1869 1860
f 1117 1870 1860
f 1870 1117 1859
f 1866 1869 1870
f 1866 1867 1869
f 1868 1866 1870
f 1868 1870 1859
f 1862 1867 1866
f 1862 1865 1867
f 1861 1865 1864
f 1857 1866 1868
f 1861 1864 877
f 1864 1865 1862
f 1864 1862 812
f 1857 1863 872
f 872 1863 780
f 1866 1857 1862
f 1856 1859 1117
f 1859 1856 1113
f 1858 1868 1859
f 1859 1113 310
f 1857 1868 1858
f 1857 1858 1863
f 443 1863 1858
f 441 1863 443
f 780 1863 441
f 1856 1117 1115
f 1114 1856 1115
f 1855 520 472
f 1855 1849 1850
f 1855 1850 1889
f 1853 482 471
f 1853 478 482
f 1849 486 584
f 1849 584 473
f 1850 1849 473
f 1851 1890 472
f 1850 473 1852
f 1890 1851 1852
f 1851 1850 1852
f 1872 1852 473
f 1849 472 486
f 493 488 492
f 492 497 493
f 502 469 470
f 502 470 497
f 502 497 492
f 1846 489 1848
f 1846 1848 480
f 1846 480 1847
f 1847 1138 1846
f 1138 1978 1846
f 1507 1978 1138
f 1462 1507 1138
f 1844 500 640
f 639 1844 640
f 1511 1844 1845
f 639 1845 1844
f 639 488 1845
f 470 469 495
f 477 495 469
f 475 495 477
f 475 477 1511
f 1464 1843 1471
f 241 1717 308
f 201 224 226
f 223 1682 224
f 201 223 224
f 1830 1839 1802
f 1811 1842 1516
f 1842 1811 1841
f 766 1799 767
f 804 268 243
f 1809 1841 1811
f 1814 864 865
f 1822 881 1825
f 1942 1800 1817
f 1800 1815 1817
f 1815 1820 1793
f 1831 1805 1804
f 1803 1806 1734
f 1808 1140 1814
f 1734 1805 1831
f 1838 1803 1828
f 1803 1734 1831
f 1827 1840 1723
f 1833 1838 1832
f 1836 1723 1837
f 1803 1831 1828
f 1977 10 9
f 1804 1840 1827
f 1838 1828 1832
f 1834 1837 1822
f 1827 1723 1836
f 1836 1837 1834
f 1822 1837 1835
f 1804 1827 1829
f 1827 1836 1834
f 1831 1804 1829
f 1976 9 496
f 1839 881 1835
f 1829 1827 1823
f 1821 1839 1830
f 1801 1800 1942
f 1822 1835 881
f 1820 1730 993
f 1518 1516 1842
f 865 1808 1814
f 1826 1823 1827
f 1817 1819 1824
f 1818 1817 1815
f 1942 1817 1824
f 865 1841 1809
f 1832 863 1833
f 1834 1826 1827
f 1828 1831 1829
f 1828 1829 857
f 1825 1834 1822
f 1825 1826 1834
f 1830 1824 1819
f 881 1839 1821
f 1830 1819 1821
f 857 1829 847
f 1800 1820 1815
f 993 1793 1820
f 855 1823 1826
f 799 1798 1795
f 1793 993 852
f 854 766 767
f 1841 866 1518
f 1839 1835 1802
f 1824 1830 994
f 1719 1795 1798
f 1797 1795 1719
f 880 1794 1799
f 1795 1797 799
f 1816 1813 1794
f 880 1799 854
f 854 1799 766
f 799 1797 1
f 1838 1806 1803
f 1516 1812 1724
f 1516 1724 1809
f 1809 1811 1516
f 1808 1724 1810
f 1809 1724 1808
f 1808 1810 1807
f 865 1809 1808
f 1808 1807 1140
f 1729 1806 1838
f 1810 1729 1807
f 1729 1838 1833
f 863 1729 1833
f 1804 1805 1840
f 864 1140 1807
f 1807 1729 863
f 1807 863 859
f 1800 1801 1727
f 1800 1727 1730
f 1830 1802 994
f 1799 1720 1719
f 1794 1720 1799
f 1813 1720 1794
f 1796 1797 768
f 1730 1813 852
f 1799 1719 1798
f 1841 1518 1842
f 1814 1140 864
f 864 1807 859
f 993 1730 852
f 1820 1800 1730
f 1813 1816 852
f 880 1816 1794
f 1758 1736 1261
f 468 1261 1736
f 1260 467 466
f 1088 1087 1082
f 566 561 464
f 1786 1263 1671
f 1787 1669 1667
f 1786 1262 1263
f 1735 1737 1262
f 1737 1735 1758
f 1735 1262 1786
f 1791 1790 1920
f 1759 1739 1791
f 1739 1764 1740
f 1739 1740 1791
f 1765 1740 1764
f 1790 1791 1740
f 1790 1740 1767
f 1767 1740 1765
f 1790 1767 1766
f 1767 1765 1789
f 1765 1742 1789
f 1769 1767 1789
f 1767 1769 1770
f 1769 1789 1772
f 1744 1788 1742
f 1993 1771 1770
f 1607 1993 1770
f 1773 1772 1789
f 1600 1769 1772
f 1769 1600 1607
f 1606 1600 1772
f 1772 1773 1616
f 1614 1772 1616
f 1773 1788 1746
f 1745 1744 1761
f 1774 1788 1745
f 1745 1761 1747
f 1749 1746 1774
f 1775 1749 1774
f 1748 1627 1749
f 1748 1639 1627
f 1745 1747 1774
f 1747 1776 1774
f 1747 1751 1776
f 1776 1775 1774
f 1751 1752 1750
f 1778 1750 1752
f 1777 1776 1781
f 1779 1777 1781
f 1779 1781 1780
f 1781 1776 1778
f 1784 1781 1778
f 1784 1778 1756
f 1781 1785 1780
f 1784 1783 1781
f 1785 1781 1783
f 1738 1784 1756
f 1738 1783 1784
f 1667 1782 1785
f 1662 1667 1665
f 1783 1738 1786
f 1787 1783 1786
f 1738 1735 1786
f 1788 1789 1742
f 1771 1768 1770
f 1671 1263 1259
f 1786 1671 1787
f 1787 1671 1669
f 1787 1785 1783
f 1667 1785 1787
f 1667 1662 1782
f 1780 1785 1782
f 1657 1780 1782
f 1780 1657 1779
f 1778 1776 1750
f 1779 1657 1653
f 1779 1653 1777
f 1777 1653 1775
f 1777 1775 1776
f 1751 1750 1776
f 1775 1646 1677
f 1749 1775 1677
f 1788 1774 1746
f 1745 1788 1744
f 1788 1773 1789
f 1769 1607 1770
f 1766 1767 1770
f 1766 1770 1768
f 1763 1742 1765
f 1764 1763 1765
f 511 625 593
f 1739 1759 1135
f 1135 511 593
f 1920 1135 1759
f 1920 1759 1791
f 514 1764 1739
f 1741 514 588
f 1764 514 1763
f 1763 514 1741
f 1742 1763 1741
f 1744 1762 1761
f 1773 1746 1616
f 1627 1616 1746
f 1762 581 1761
f 1751 1761 536
f 1677 1748 1749
f 539 1751 536
f 1748 1760 1641
f 1677 1760 1748
f 1592 1641 1760
f 1752 1751 1753
f 1755 1760 1649
f 1760 1755 1598
f 1752 1753 1754
f 1754 563 1757
f 1754 1757 1752
f 1756 1752 1757
f 1757 1736 1756
f 1736 1735 1756
f 1736 1757 578
f 1756 1735 1738
f 1736 578 468
f 1758 1735 1736
f 1752 1756 1778
f 539 1753 1751
f 1748 1641 1639
f 1761 1751 1747
f 1627 1746 1749
f 1762 1744 1743
f 1741 1743 1744
f 1741 518 1743
f 1741 1744 1742
f 1944 1722 281
f 1685 1716 1999
f 1733 740 739
f 743 733 1543
f 1996 1726 1725
f 2001 739 1726
f 282 1722 283
f 1999 1716 1543
f 1732 1999 1683
f 2002 279 280
f 768 2002 280
f 1837 1723 1802
f 1835 1837 1802
f 1840 1805 1734
f 1728 1734 1806
f 1840 1802 1723
f 1840 1734 1728
f 1727 1801 1731
f 1728 1806 1729
f 1810 1728 1729
f 1720 1730 1727
f 1728 1810 1724
f 764 726 1996
f 1721 1719 1720
f 1718 1724 1812
f 276 1722 282
f 1730 1720 1813
f 1797 1721 768
f 1797 1719 1721
f 743 1543 652
f 1712 1713 1685
f 1711 1712 1714
f 651 1713 1707
f 1713 1715 1707
f 1708 1712 1711
f 1710 1712 1708
f 1715 1712 1710
f 1708 1711 1706
f 1709 1515 1705
f 1706 1711 1698
f 1710 1708 1700
f 1708 1706 1700
f 1699 1697 1703
f 1698 1703 1697
f 775 1699 1701
f 775 776 1699
f 1710 1700 1695
f 720 1702 1696
f 1702 1710 1696
f 1694 1706 1698
f 1700 1706 1695
f 1693 1710 1695
f 1698 1692 1694
f 1710 1693 1696
f 1688 1706 1694
f 1688 1695 1706
f 1693 1695 1689
f 1689 1695 1688
f 1693 1689 1128
f 1581 1686 1688
f 1688 1585 1581
f 1690 774 779
f 1690 1585 1688
f 1687 1689 1686
f 1689 1687 650
f 1691 774 1690
f 1689 650 1128
f 1694 1690 1688
f 1128 1127 1693
f 1732 1683 1712
f 652 1543 1716
f 1684 1718 1714
f 1714 1683 1684
f 1683 1714 1712
f 1716 1685 1713
f 652 1716 1713
f 720 1707 1702
f 776 1692 1697
f 1685 1732 1712
f 1715 1713 1712
f 652 1713 651
f 1812 1714 1718
f 1812 1517 1714
f 734 651 1707
f 1715 1710 1707
f 1704 1698 1714
f 1704 1714 1517
f 1711 1714 1698
f 1517 1515 1709
f 1704 1517 1709
f 1707 1710 1702
f 734 1707 720
f 1704 1709 1705
f 1698 1704 1703
f 1704 1705 1703
f 1701 1705 1515
f 1703 1705 1699
f 1705 1701 1699
f 1697 1699 776
f 1697 1692 1698
f 1696 1693 1127
f 1694 1692 1691
f 1691 1690 1694
f 1689 1688 1686
f 1585 1690 779
f 1999 1732 1685
f 206 233 232
f 202 1681 200
f 1717 241 411
f 1165 1680 1167
f 1680 1165 1333
f 1319 886 883
f 882 883 886
f 1347 1679 1431
f 1678 889 1414
f 1678 1411 883
f 1411 1319 883
f 1347 889 1679
f 889 1347 1414
f 1678 1414 1411
f 1674 1406 1675
f 1666 1675 1254
f 1599 1264 1588
f 1670 1599 1588
f 1671 1672 1669
f 1673 1675 1666
f 1669 1672 1599
f 1668 1596 1673
f 1667 1669 1599
f 1670 1662 1599
f 1665 1667 1599
f 1766 1136 1790
f 1790 1136 1920
f 1993 1602 1771
f 1607 1603 1938
f 1772 1614 1606
f 1602 1624 1873
f 1601 1604 1602
f 1610 1614 1616
f 1615 1606 1614
f 1610 1616 1611
f 1615 1612 1600
f 1606 1615 1600
f 1611 1627 1630
f 1630 1617 1611
f 1939 1995 1615
f 1622 1626 1625
f 1629 1899 1625
f 1639 1630 1627
f 1629 1246 1899
f 1639 1940 1630
f 1171 1642 1637
f 1676 1629 1590
f 1639 1641 1638
f 1590 1513 1676
f 1644 1514 1636
f 1760 1598 1592
f 1514 1644 1647
f 1646 1653 1649
f 1648 1642 1172
f 1676 1513 1651
f 1172 1642 1245
f 1174 1676 1651
f 1647 1650 1652
f 1651 1514 1174
f 1592 1598 1656
f 1652 1650 1655
f 1250 1175 1654
f 1656 1598 1597
f 1755 1597 1598
f 1658 1597 1755
f 1594 1251 1659
f 1657 1782 1755
f 1660 1593 1664
f 1251 1594 1663
f 1658 1782 1662
f 1663 1594 1660
f 1201 1251 1663
f 1599 1672 1264
f 1652 1250 1647
f 1644 1636 1640
f 1591 1638 1641
f 1634 1640 1636
f 1637 1631 1171
f 1621 1632 1247
f 1632 1589 1631
f 1622 1629 1626
f 1622 1512 1629
f 1631 1589 1623
f 1622 1995 1512
f 1620 1899 1619
f 1621 1139 1589
f 1619 1609 1618
f 1602 1604 1624
f 1157 1256 1675
f 1675 1406 1157
f 1673 1674 1675
f 1670 1588 1596
f 1668 1673 1666
f 1595 1596 1668
f 1201 1666 1254
f 1666 1201 1663
f 1668 1666 1661
f 1599 1662 1665
f 1664 1668 1661
f 1595 1668 1664
f 1661 1666 1663
f 1658 1662 1670
f 1660 1661 1663
f 1660 1664 1661
f 1658 1670 1597
f 1658 1755 1782
f 1656 1593 1660
f 1660 1594 1659
f 1655 1656 1660
f 1660 1659 1655
f 1652 1659 1251
f 1652 1655 1659
f 1657 1755 1653
f 1649 1653 1755
f 1645 1656 1655
f 1645 1655 1650
f 1647 1250 1654
f 1651 1513 1514
f 1645 1650 1647
f 1173 1485 1633
f 1676 1174 1248
f 1644 1645 1647
f 1646 1649 1760
f 1641 1592 1591
f 1775 1653 1646
f 1676 1248 1246
f 1640 1645 1644
f 1677 1646 1760
f 1642 1648 1643
f 1638 1591 1640
f 1246 1629 1676
f 1635 1245 1642
f 1643 1637 1642
f 1637 1643 1632
f 1634 1638 1640
f 1635 1642 1171
f 1634 1636 1512
f 1631 1637 1632
f 1628 1638 1634
f 1638 1628 1639
f 1628 1634 1512
f 1617 1630 1940
f 1589 1632 1621
f 1623 1171 1631
f 1629 1625 1626
f 1628 1512 1995
f 1620 1625 1899
f 1995 1939 1628
f 1622 1625 1620
f 1615 1995 1612
f 1619 1618 1620
f 1609 1605 1618
f 1617 1610 1611
f 1616 1627 1611
f 1618 1605 1613
f 1613 1620 1618
f 1614 1939 1615
f 1589 1139 1604
f 1613 1605 1608
f 1607 1994 1603
f 1994 1607 1612
f 1600 1612 1607
f 1768 1602 1873
f 1640 1591 1645
f 1591 1592 1645
f 1656 1645 1592
f 1647 1654 1514
f 1656 1597 1593
f 1597 1595 1664
f 1670 1596 1595
f 1597 1670 1595
f 1597 1664 1593
f 1958 291 1554
f 1582 644 645
f 1983 654 449
f 654 648 1583
f 449 654 1584
f 1584 654 1583
f 1583 648 653
f 1584 1583 1587
f 1580 1579 1582
f 772 1580 779
f 1580 1581 1585
f 1585 779 1580
f 1686 646 701
f 1687 1686 701
f 1582 1581 1580
f 1579 1580 1586
f 1583 1579 1586
f 653 1579 1583
f 1583 1586 1587
f 644 1579 653
f 1582 1579 644
f 646 1582 645
f 1582 646 1581
f 1578 1577 611
f 462 1968 1576
f 1576 1575 462
f 463 462 1575
f 1565 463 1575
f 504 1564 1572
f 4 1573 637
f 1574 1564 504
f 198 4 637
f 504 1573 1574
f 6 1571 2
f 1574 2 1571
f 4 2 1574
f 1571 1568 1564
f 1574 1573 4
f 1574 1571 1564
f 1564 1568 1566
f 1570 1566 1565
f 1567 1566 1570
f 1567 1564 1566
f 1572 1564 1567
f 1568 1569 1566
f 3 1569 1568
f 6 1568 1571
f 3 1568 6
f 1569 1565 1566
f 463 1565 1569
f 1965 1956 1557
f 1563 1560 1556
f 1562 1547 1548
f 1546 303 1901
f 1956 1561 1955
f 1955 1557 1956
f 1559 1560 1553
f 1961 1965 1962
f 1961 1962 1558
f 1962 1965 1557
f 1554 1544 1553
f 1555 1559 1544
f 1553 1544 1559
f 1555 1542 1552
f 1550 1946 1551
f 1549 1546 1946
f 1546 1549 1548
f 1547 1546 1548
f 303 1546 1547
f 298 1946 1901
f 1548 1549 1562
f 1562 1549 461
f 1546 1901 1946
f 1555 1545 1542
f 1949 1958 1947
f 1949 291 1958
f 1545 1555 1544
f 291 1544 1554
f 1949 1545 1544
f 1540 1945 1539
f 1946 1541 1950
f 1946 1950 1551
f 1945 1540 1950
f 1945 1950 1541
f 1539 1945 1947
f 1537 1948 1534
f 1967 1900 1538
f 1967 1538 1537
f 1533 1948 1952
f 1536 1952 1947
f 1534 1948 1533
f 1952 1536 1533
f 298 305 1541
f 1946 298 1541
f 1533 1531 1532
f 1533 1530 1531
f 1530 1533 1536
f 765 1079 1080
f 765 1080 1528
f 1528 1080 188
f 1528 188 1529
f 1528 1529 1526
f 1526 1529 181
f 1528 1526 1527
f 1528 1527 758
f 1527 1526 1525
f 757 758 1527
f 1525 1526 181
f 757 1527 1524
f 1524 1527 1525
f 1525 181 123
f 1524 1525 1523
f 1522 1524 1523
f 1921 1525 1936
f 1523 1525 1921
f 1935 1522 1523
f 1908 1521 1134
f 1134 1521 600
f 1130 600 1521
f 1520 505 1130
f 1134 600 1519
f 1904 1134 1519
f 1519 600 1572
f 600 1130 505
f 1518 1515 1516
f 1517 1812 1516
f 1515 1517 1516
f 866 1515 1518
f 2001 1726 1996
f 1513 1512 1636
f 1514 1513 1636
f 1513 1590 1512
f 1512 1590 1629
f 488 493 1845
f 1845 475 1511
f 475 1845 493
f 1463 1509 1510
f 1509 1463 1465
f 1503 1509 1465
f 1461 1482 1459
f 1506 1896 1874
f 1505 1501 1874
f 1499 1506 1874
f 1504 1876 1498
f 1499 1874 1501
f 1497 1876 1504
f 1504 1498 1500
f 1505 1876 1497
f 1467 1499 1501
f 1505 1483 1501
f 1483 1505 1497
f 1485 1504 1500
f 1495 1469 1484
f 294 1510 1509
f 1898 294 1509
f 1898 1509 1503
f 1879 1896 1458
f 1896 1879 1874
f 1501 1483 1467
f 1476 1508 1478
f 1895 1476 1478
f 1478 1474 1895
f 1487 1497 1504
f 437 1473 1496
f 1467 1483 1486
f 1486 1483 1497
f 437 1496 1495
f 1486 1497 1487
f 1486 1493 1467
f 1486 1487 1488
f 1484 1494 1493
f 1495 1484 437
f 1487 1485 1177
f 1484 1493 434
f 1488 1487 1177
f 435 1493 1486
f 343 1486 1488
f 1177 1902 1488
f 437 1484 434
f 435 434 1493
f 343 1488 1902
f 1492 434 435
f 1490 343 1902
f 302 343 1490
f 1490 1902 1489
f 1491 1493 1494
f 1493 1491 1499
f 1485 1487 1504
f 1461 1456 1482
f 1507 1460 1854
f 1481 1979 1480
f 1508 1458 1470
f 1457 1852 1872
f 1457 1872 1476
f 1112 1481 1472
f 1508 1470 1478
f 1460 1507 1462
f 1480 1854 1460
f 474 1456 1479
f 1479 1456 1461
f 1468 1112 1472
f 1457 1476 1895
f 1480 1472 1481
f 1895 1891 1457
f 1460 1462 1888
f 1480 1460 1888
f 1474 1479 1461
f 1475 474 1479
f 1888 1472 1480
f 1477 1475 1479
f 1468 1473 309
f 1888 1477 1472
f 1469 1464 1471
f 1470 1464 1469
f 1473 1468 1496
f 1472 1477 1479
f 1474 1470 1469
f 1472 1479 1496
f 1468 1472 1496
f 1479 1474 1469
f 1495 1479 1469
f 1496 1479 1495
f 1484 1469 1471
f 1484 1471 1494
f 1503 1494 1471
f 1467 1493 1499
f 1494 1503 1465
f 1491 1494 1465
f 1466 1503 1471
f 1502 1499 1491
f 1843 1466 1471
f 1464 1470 1458
f 1896 1464 1458
f 1470 1474 1478
f 1112 1468 309
f 1369 1455 1452
f 1454 1369 1452
f 1453 1369 1367
f 1455 1369 1453
f 1455 1453 1450
f 1447 1369 1454
f 1455 1450 1443
f 1368 1453 1367
f 1367 1369 1447
f 1449 1455 1363
f 1451 1452 1455
f 1446 1452 1451
f 1450 1453 1368
f 1434 1455 1443
f 1363 1455 1434
f 1448 1367 1447
f 1452 1446 1362
f 1362 1446 1445
f 1367 1448 1365
f 1451 1455 1442
f 1440 1450 1368
f 1436 1455 1449
f 1454 1452 1437
f 1437 1452 1362
f 1169 1366 1365
f 1442 1455 1436
f 1444 1449 1363
f 1441 1447 1454
f 1441 1454 1353
f 1437 1353 1454
f 1364 1451 1442
f 1364 1445 1446
f 1446 1451 1364
f 1169 1365 1361
f 1434 1443 1438
f 1365 1448 1441
f 1440 1443 1450
f 1239 1366 1169
f 1362 1445 1439
f 1360 1368 1366
f 1360 1366 1239
f 1440 1368 1360
f 1449 1149 1435
f 1354 1445 1364
f 1364 1442 1436
f 1351 1363 1358
f 1438 1443 1440
f 1363 1351 1444
f 1439 1445 1354
f 1359 427 1361
f 1359 1365 1441
f 1434 1358 1363
f 1355 1364 1436
f 1436 1449 885
f 1355 1436 885
f 213 1441 1353
f 1362 1439 1356
f 1234 1440 1360
f 1433 1356 1439
f 213 1353 212
f 885 1449 1435
f 427 1359 1258
f 1354 1364 1432
f 1439 1354 1345
f 1149 1444 1426
f 1364 1355 1432
f 212 1353 1349
f 1362 1356 1437
f 1352 1358 1434
f 1426 1444 1351
f 236 1258 1441
f 1346 1439 1345
f 236 1441 213
f 1353 1437 1356
f 1433 1439 1346
f 1352 1434 1438
f 1145 1149 1426
f 207 1356 1433
f 1355 885 1432
f 207 1433 1341
f 1234 1360 1237
f 1349 1353 1343
f 1438 1440 1428
f 1265 1350 1155
f 1357 1358 1352
f 1353 1356 207
f 1341 1433 1334
f 1354 1432 1424
f 1425 1433 1346
f 1344 207 1341
f 1426 1427 1144
f 207 1342 1353
f 1432 885 1430
f 1345 1354 1337
f 1343 1353 1342
f 1350 1265 1429
f 1336 1357 1352
f 1337 1354 1424
f 1428 1416 1438
f 1265 1155 1348
f 1429 1431 1350
f 1431 1429 1340
f 1334 1433 1425
f 1234 1428 1440
f 1352 1438 1416
f 1426 1351 1410
f 1429 1265 1338
f 1424 1432 1430
f 1343 1342 233
f 1265 1348 1421
f 1351 1357 1410
f 233 1342 232
f 1347 1431 1340
f 1346 1345 1337
f 1425 1346 1420
f 1334 1425 1420
f 225 207 1344
f 1347 1340 1415
f 1429 1338 1417
f 1344 1339 225
f 1338 1265 1421
f 1332 1346 1337
f 1341 1334 1418
f 1680 1428 1234
f 1680 1168 1167
f 1410 1427 1426
f 1338 1421 1329
f 1424 1430 1423
f 1418 1339 1341
f 1333 1416 1428
f 1410 1357 1336
f 1419 1340 1429
f 1332 1422 1346
f 1420 1346 1422
f 1339 896 225
f 1337 1424 1423
f 225 896 237
f 1153 1421 1348
f 1322 1334 1420
f 1421 1153 1331
f 1320 1352 1416
f 1335 1340 1419
f 1330 1420 1422
f 1339 1418 1412
f 1680 1333 1428
f 1423 1332 1337
f 1336 1352 1320
f 1408 1329 1421
f 1417 1338 1329
f 1415 1335 1328
f 1419 1429 1417
f 1318 1418 1334
f 1417 1329 1327
f 1422 1332 1326
f 896 1339 1412
f 1323 1421 1331
f 1420 1330 1322
f 1408 1421 1323
f 1309 1414 1415
f 1318 1334 1322
f 1324 1418 1413
f 1324 1412 1418
f 1330 1422 1326
f 1970 896 1412
f 1326 1332 1423
f 1413 1418 1318
f 1402 1417 1327
f 1326 1423 884
f 1411 1414 1309
f 1331 1153 1409
f 1309 1415 1404
f 1320 1416 1333
f 1406 1336 1320
f 1405 1329 1408
f 1335 1419 1407
f 1328 1335 1407
f 1325 1322 1330
f 1412 1324 984
f 1400 1410 1336
f 1404 1415 1328
f 1427 1410 1141
f 1315 1327 1329
f 1322 1325 1321
f 1406 1400 1336
f 1322 1321 1318
f 1315 1329 1405
f 1419 1417 1402
f 1331 1409 1323
f 1312 1319 1411
f 1325 1330 882
f 1333 1163 1320
f 1401 1328 1407
f 1401 1404 1328
f 1316 1327 1315
f 1311 1411 1309
f 1312 1411 1311
f 1405 1408 1399
f 1402 1327 1316
f 1407 1419 1402
f 1324 1413 983
f 1163 1333 1166
f 1399 1408 1323
f 1315 1405 1403
f 1314 1325 882
f 1409 1153 1151
f 1314 882 886
f 1317 1405 1399
f 1413 1321 1313
f 1141 1410 1400
f 1405 1317 1403
f 983 1413 980
f 1310 1409 1151
f 1321 1325 1298
f 1306 1409 1310
f 1257 1320 1163
f 1392 1316 1315
f 1313 1321 1298
f 1407 1402 1303
f 1395 1319 1312
f 1395 886 1319
f 1397 1314 886
f 1406 1320 1257
f 1409 1306 1323
f 1392 1315 1403
f 1402 1316 1394
f 1298 1325 1314
f 1401 1407 1303
f 1151 1150 1304
f 1400 1297 1141
f 1391 1316 1392
f 1311 1309 1396
f 1312 1311 1308
f 886 1395 891
f 1303 1307 1401
f 1307 1404 1401
f 1397 886 891
f 1391 1394 1316
f 1303 1402 1394
f 1404 1307 1396
f 1396 1309 1404
f 1305 1313 1298
f 1392 1403 1317
f 1298 1314 1397
f 1673 1400 1674
f 1395 1312 1308
f 1305 1398 1313
f 1674 1400 1406
f 1302 1323 1306
f 1399 1323 1302
f 1317 1399 1393
f 1393 1392 1317
f 1304 1310 1151
f 1308 1311 1396
f 1395 1308 1388
f 1306 1310 1386
f 1386 1310 1304
f 1301 1393 1399
f 1297 1400 1673
f 1390 1399 1302
f 1286 1394 1391
f 1300 1305 1298
f 1391 1392 1389
f 1297 1673 1596
f 1389 1392 1393
f 1294 1391 1389
f 1301 1399 1390
f 1396 1307 1299
f 891 1395 1291
f 1308 1396 1388
f 1298 1397 1295
f 1299 1307 1303
f 1295 1397 891
f 1303 1387 1299
f 1388 1396 1384
f 1291 1395 1388
f 1259 1306 1386
f 1286 1391 1294
f 1385 1394 1286
f 1303 1394 1385
f 1302 1306 1263
f 1289 1390 1302
f 1303 1385 1387
f 1263 1306 1259
f 1296 1393 1301
f 1384 1396 1382
f 1389 1393 1296
f 1288 891 1284
f 1293 1300 1298
f 1284 891 1291
f 1295 891 1288
f 1292 1301 1390
f 1386 1304 1672
f 1384 1382 1283
f 1672 1304 1264
f 1290 1294 1389
f 1390 1289 1737
f 1386 1671 1259
f 1289 1302 1263
f 1386 1672 1671
f 1389 1296 1383
f 1108 1293 1295
f 1383 1290 1389
f 1288 1281 1295
f 1292 1390 1737
f 1301 1285 1296
f 1299 1387 1381
f 1285 1301 1292
f 1381 1387 1385
f 1384 1283 1379
f 1388 1274 1291
f 1274 1284 1291
f 1108 1295 1380
f 1383 1296 1287
f 1262 1289 1263
f 1287 1296 1370
f 1282 1382 1299
f 1279 1290 1383
f 1388 1384 1379
f 1295 1281 1380
f 1286 1294 1290
f 1737 1289 1262
f 1280 1292 1737
f 1381 1385 1286
f 1370 1296 1285
f 1282 1299 1381
f 1261 1737 1758
f 1278 1382 1282
f 1388 1379 1274
f 1283 1382 1278
f 1261 1280 1737
f 1292 1280 1285
f 1106 1281 1288
f 1275 1286 1290
f 1379 1283 1278
f 1383 1287 1370
f 1277 1286 1275
f 1381 1286 1277
f 1284 1274 1288
f 1280 1260 1285
f 1106 1380 1281
f 1270 1275 1290
f 1279 1383 1370
f 1276 1379 1278
f 1266 101 1377
f 1267 1266 1377
f 1378 1084 1109
f 1377 1375 1267
f 992 1376 565
f 1378 1109 101
f 992 1270 1376
f 1268 561 1376
f 1269 569 568
f 568 1267 1269
f 1268 1376 1372
f 1377 101 1374
f 1269 1267 1375
f 569 1269 1270
f 1374 101 1109
f 1375 1377 1381
f 1279 1372 1376
f 1279 1376 1270
f 1270 1269 1375
f 1273 1371 572
f 466 572 1371
f 1102 1278 1109
f 1273 572 1372
f 466 1371 1260
f 1102 1101 1278
f 1270 1375 1275
f 1381 1377 1282
f 1277 1375 1381
f 1374 1109 1278
f 1373 1272 1274
f 1272 1103 1288
f 1101 1373 1276
f 1278 1101 1276
f 1282 1377 1374
f 1375 1277 1275
f 1103 1106 1288
f 1290 1279 1270
f 1276 1373 1274
f 1370 1372 1279
f 1371 1273 1370
f 1273 1372 1370
f 1282 1374 1278
f 1288 1274 1272
f 1285 1371 1370
f 1260 1371 1285
f 1357 1351 1358
f 1272 1373 1098
f 1366 1368 1367
f 1365 1366 1367
f 1448 1447 1441
f 1449 1444 1149
f 1361 1365 1359
f 1258 1359 1441
f 1237 1360 1239
f 1426 1144 1145
f 1344 1341 1339
f 207 230 1342
f 1680 1234 1168
f 1414 1347 1415
f 1335 1415 1340
f 1326 882 1330
f 1413 1318 1321
f 1157 1406 1257
f 1396 1299 1382
f 1293 1298 1295
f 1274 1379 1276
f 468 1280 1261
f 1280 467 1260
f 1098 1373 1271
f 1098 1271 1094
f 1372 572 1268
f 1270 992 569
f 562 561 1268
f 1268 572 571
f 1258 236 235
f 1165 1166 1333
f 1163 1166 1161
f 1163 1161 1257
f 1257 1161 1256
f 1255 1256 1161
f 1255 1254 1256
f 1256 1254 1675
f 1255 1218 1253
f 1254 1255 1253
f 1201 1253 1244
f 1200 1241 1244
f 1241 1200 1252
f 1635 1246 1245
f 1643 1249 1632
f 1245 1246 1248
f 1247 1173 1633
f 1173 1632 1249
f 1249 1178 1173
f 1172 1179 1176
f 1172 1175 1179
f 1652 1252 1250
f 1251 1252 1652
f 1250 1242 1179
f 1242 1250 1188
f 1170 1188 1252
f 1201 1244 1241
f 1157 1257 1256
f 1218 1244 1253
f 1201 1254 1253
f 1251 1201 1241
f 1251 1241 1252
f 1252 1188 1250
f 1176 1242 1181
f 1178 1181 1182
f 1172 1176 1648
f 1248 1174 1172
f 1176 1181 1643
f 1648 1176 1643
f 1245 1248 1172
f 1181 1249 1643
f 1632 1173 1247
f 1361 428 1169
f 1240 426 1238
f 1239 1240 1237
f 1238 1237 1240
f 1238 1233 1237
f 1237 1235 1234
f 1232 424 1236
f 1236 1229 1232
f 1229 1231 1232
f 1230 293 1233
f 1231 1228 1224
f 1231 1224 1230
f 401 1226 403
f 1226 1225 1227
f 1225 1228 1229
f 401 1220 1226
f 1228 1225 1221
f 1224 1228 1221
f 1220 401 1214
f 1226 1220 1219
f 1225 1219 1221
f 1219 1220 1215
f 1255 1161 1164
f 1218 1164 1162
f 1160 1216 1159
f 1216 1158 1207
f 1215 1209 1219
f 1221 1209 1158
f 1214 1217 1220
f 1156 1159 1216
f 1214 1213 1202
f 386 1211 376
f 1202 1213 1212
f 1191 378 1208
f 1198 1211 1206
f 1200 1204 1170
f 1197 367 1196
f 1189 1192 1210
f 1212 1198 1199
f 1194 1187 1196
f 1249 1181 1178
f 1174 1175 1172
f 1173 1178 1243
f 1243 1178 1180
f 1175 1174 1514
f 1514 1654 1175
f 1242 1176 1179
f 1181 1242 1182
f 1250 1179 1175
f 1178 1182 1183
f 1182 1242 1190
f 1189 1199 1182
f 1180 1186 1184
f 1190 1242 1188
f 1186 1182 1198
f 1198 1182 1199
f 1190 1188 1192
f 1186 1198 1191
f 1185 1194 1489
f 1202 1199 1189
f 1170 1192 1188
f 1193 1489 1196
f 359 361 1195
f 1193 359 1489
f 1197 1187 1191
f 1235 1233 293
f 293 1162 1223
f 1158 1160 1221
f 1170 1204 1192
f 1184 1194 1185
f 1184 1185 1177
f 427 428 1361
f 235 427 1258
f 1232 1238 424
f 1237 1233 1235
f 1238 1232 1233
f 1233 1232 1231
f 1229 1236 1227
f 1227 1236 409
f 1227 409 1226
f 1168 1235 293
f 1230 1233 1231
f 1231 1229 1228
f 1167 1168 293
f 1225 1229 1227
f 293 1223 1167
f 1224 1222 1230
f 1219 1225 1226
f 1224 1221 1160
f 1159 293 1230
f 1230 1222 1159
f 1164 1223 1162
f 1222 1224 1160
f 1162 293 1159
f 1159 1222 1160
f 1160 1158 1216
f 1219 1209 1221
f 1156 1162 1159
f 1218 1162 1156
f 1215 1220 1217
f 1156 1216 1205
f 1209 1215 1217
f 1213 1211 1212
f 1213 376 1211
f 1207 1158 1209
f 1216 1207 1205
f 1217 1214 1210
f 1210 1214 1202
f 1211 386 1206
f 1244 1218 1156
f 1206 386 378
f 1156 1205 1244
f 1204 1207 1209
f 1209 1217 1210
f 1191 1206 378
f 1205 1207 1204
f 1192 1209 1210
f 1212 1211 1198
f 1203 1206 1191
f 1244 1205 1200
f 1204 1209 1192
f 1204 1200 1205
f 1198 1206 1203
f 1197 1191 1208
f 1202 1212 1199
f 1197 1196 1187
f 1210 1202 1189
f 1252 1200 1170
f 1193 1196 359
f 359 1196 361
f 359 1195 302
f 1489 1194 1196
f 1191 1198 1203
f 1190 1192 1189
f 1186 1191 1187
f 1184 1187 1194
f 1190 1189 1182
f 1186 1187 1184
f 1183 1182 1186
f 1183 1186 1180
f 1243 1184 1177
f 1243 1180 1184
f 1178 1183 1180
f 1243 1177 1173
f 1485 1173 1177
f 1899 1246 1635
f 1899 1635 1171
f 1223 1164 1165
f 1166 1164 1161
f 1239 1169 1240
f 1168 1234 1235
f 1167 1223 1165
f 1165 1164 1166
f 1255 1164 1218
f 1148 1154 1679
f 1151 1152 1143
f 1679 1154 1350
f 1155 1350 1154
f 1154 1147 1348
f 1151 1153 1152
f 1150 1143 1304
f 1304 1143 1588
f 1264 1304 1588
f 1431 1679 1350
f 1155 1154 1348
f 1348 1147 1152
f 1348 1152 1153
f 1151 1143 1150
f 1679 890 1148
f 1154 1148 1147
f 1152 1146 1143
f 1142 1143 1141
f 1588 1143 1142
f 1149 1148 890
f 1435 1149 890
f 1148 1145 1147
f 1145 1144 1147
f 1146 1147 1144
f 1152 1147 1146
f 1427 1146 1144
f 1143 1146 1427
f 1297 1142 1141
f 1297 1588 1142
f 1588 1297 1596
f 1148 1149 1145
f 1141 1143 1427
f 595 625 511
f 1137 1887 1136
f 1887 594 1920
f 1920 594 1135
f 511 1135 594
f 594 595 511
f 619 625 574
f 1136 1887 1920
f 1873 1137 1136
f 1136 1768 1873
f 1912 1133 1131
f 1131 1133 1576
f 1131 1576 1968
f 1968 1132 1131
f 1904 1133 1134
f 1132 1968 1913
f 1917 1905 1915
f 1129 1915 1916
f 708 1696 1127
f 1581 646 1686
f 1118 8 1119
f 1126 1118 1125
f 1117 1860 1118
f 1869 1125 1118
f 1118 1860 1869
f 1121 1123 1126
f 1867 1125 1869
f 1125 1121 1126
f 1121 1125 1861
f 1865 1125 1867
f 1861 1125 1865
f 1124 180 10
f 8 1124 10
f 1126 1124 8
f 1118 1126 8
f 1123 1124 1126
f 122 1123 1122
f 1122 1123 1121
f 879 805 1122
f 879 1122 1120
f 1120 1122 1121
f 1120 1121 1861
f 877 1120 1861
f 876 1120 877
f 787 1120 876
f 1119 8 1974
f 1118 1119 1117
f 1481 1116 1980
f 1112 1971 1116
f 1112 1115 1971
f 1112 1116 1481
f 309 1114 1115
f 309 1115 1112
f 1114 1113 1856
f 1111 1114 309
f 1111 311 1114
f 1107 1106 1105
f 1094 1110 1090
f 1096 1100 1104
f 1103 1272 1104
f 1100 1103 1104
f 1099 1097 1092
f 1086 1094 1090
f 106 1085 105
f 1398 980 1313
f 107 1089 106
f 1089 1086 106
f 1082 1087 1083
f 1088 1085 1091
f 1090 1091 1085
f 1083 1087 1084
f 1095 1088 1091
f 1087 1109 1084
f 1081 1095 1091
f 1095 1081 1101
f 1095 1101 1102
f 1095 1102 1109
f 1096 1104 1093
f 1272 1098 1099
f 1110 1094 1373
f 1099 1104 1272
f 1101 1110 1373
f 1103 1105 1106
f 999 1106 1107
f 1380 1106 999
f 1373 1094 1271
f 1098 1097 1099
f 1104 1099 1093
f 1092 1097 1089
f 1088 1095 1087
f 1096 1093 995
f 107 995 1089
f 980 1413 1313
f 1305 997 1398
f 1305 1300 1000
f 1108 1300 1293
f 1108 1000 1300
f 1105 1103 1100
f 1110 1101 1081
f 1097 1098 1094
f 1093 1099 1092
f 1095 1109 1087
f 1090 1110 1081
f 1086 1097 1094
f 1091 1090 1081
f 1093 1092 995
f 1086 1089 1097
f 1089 995 1092
f 1085 1088 1082
f 1090 1085 106
f 1086 1090 106
f 1083 103 1082
f 1085 1082 103
f 105 1085 103
f 1080 1079 1012
f 1078 1015 1012
f 1078 1075 1015
f 1013 1015 1077
f 1015 1075 1077
f 977 976 1065
f 996 976 997
f 1063 1065 1064
f 1060 1108 1380
f 1058 1057 1060
f 1071 1016 1014
f 1077 990 1071
f 169 1014 1073
f 1077 1071 1013
f 1071 1014 1013
f 169 164 1014
f 1013 1014 182
f 182 1014 164
f 1075 1078 1072
f 1075 945 1077
f 1078 1079 1988
f 1077 945 990
f 753 1079 756
f 1074 1011 1073
f 1988 1079 753
f 1014 1016 1073
f 1072 1078 1988
f 1016 1074 1073
f 1072 1988 1069
f 985 1071 990
f 1075 1072 1069
f 1071 985 949
f 1068 1070 1011
f 1018 1016 1071
f 1018 1071 949
f 1988 753 454
f 1068 1011 1074
f 1068 1074 1019
f 1069 1988 944
f 1016 1018 1074
f 1019 1074 1018
f 1070 1017 1022
f 1070 1068 1017
f 950 1019 1018
f 950 1018 949
f 1022 1017 1021
f 950 1067 1019
f 1001 1022 1021
f 1001 49 1022
f 1023 1025 1021
f 953 1067 950
f 1023 1067 1027
f 1027 1067 953
f 1002 1001 1026
f 1026 1001 1025
f 1028 1003 1026
f 1024 1027 1031
f 1031 1025 1024
f 953 956 1027
f 956 1030 1027
f 1028 1006 1029
f 1026 1033 1032
f 1031 1030 1037
f 1037 1030 956
f 1033 1031 1034
f 1031 1037 1035
f 1005 1036 1009
f 1034 1031 1040
f 1035 1040 1031
f 89 88 1038
f 1034 1039 1033
f 1039 1036 1033
f 1045 1009 1039
f 1043 1046 1051
f 1045 1047 1042
f 1096 1007 998
f 1048 998 1007
f 1050 1051 1046
f 1053 1010 1052
f 998 1100 1096
f 1050 1055 1051
f 998 1056 1105
f 1105 1056 1107
f 1063 1066 1065
f 1059 1066 1063
f 1059 1063 1061
f 1047 1055 1061
f 1052 1010 1042
f 1038 1010 89
f 1010 1038 1042
f 1398 997 976
f 1065 976 996
f 974 977 1065
f 997 1000 996
f 1065 1066 941
f 1064 1065 996
f 996 1000 1108
f 1060 996 1108
f 1059 941 1066
f 52 53 48
f 1062 1063 1064
f 996 1060 1064
f 1060 1380 1058
f 999 1008 1380
f 1062 1064 1060
f 1058 1380 1008
f 1008 1056 1058
f 1062 1061 1063
f 1055 968 1059
f 1059 1061 1055
f 1060 1057 1054
f 1008 999 1107
f 1060 1054 1052
f 1008 1107 1056
f 1062 1060 1052
f 1047 1061 1062
f 1049 1055 1047
f 1057 1058 1054
f 1054 1058 1056
f 1055 1049 1051
f 1052 1047 1062
f 1054 1053 1052
f 998 1105 1100
f 998 1054 1056
f 998 1053 1054
f 1053 998 1048
f 190 2 195
f 1047 1045 1049
f 1096 995 1007
f 1052 1042 1047
f 1051 1049 1043
f 1043 1049 1045
f 1053 1048 1010
f 1010 1048 1044
f 1040 1046 1043
f 1040 1041 1046
f 1044 1007 95
f 1007 107 95
f 1039 1043 1045
f 1010 1044 89
f 1042 1038 1045
f 1043 1039 1040
f 1009 1045 1038
f 1041 1040 1035
f 1034 1040 1039
f 1037 1041 1035
f 1036 1039 1009
f 1005 1009 1038
f 1005 1038 1006
f 1038 88 1006
f 1033 1036 1032
f 1036 1005 1032
f 1028 1005 1006
f 1028 1032 1005
f 1026 1032 1028
f 1026 1031 1033
f 1027 1030 1031
f 1028 1004 1003
f 1025 1031 1026
f 1002 1026 1003
f 1023 1027 1024
f 1025 1023 1024
f 1021 1025 1001
f 1067 1023 1020
f 1001 46 49
f 1023 1021 1017
f 1023 1017 1020
f 1019 1067 1020
f 6 2 194
f 1068 1020 1017
f 1019 1020 1068
f 195 2 4
f 13 146 144
f 1076 192 1015
f 1015 192 1012
f 1013 182 1076
f 1015 1013 1076
f 1078 1012 1079
f 1029 1004 1028
f 1007 1044 1048
f 1007 995 107
f 1069 944 943
f 1000 997 1305
f 1943 1824 994
f 1942 1824 1801
f 1943 1731 1801
f 266 268 804
f 102 1266 1267
f 101 104 1378
f 565 465 992
f 568 991 1267
f 992 465 569
f 565 1376 566
f 984 983 982
f 984 982 979
f 893 981 979
f 980 976 977
f 973 893 975
f 972 975 971
f 972 971 968
f 970 972 969
f 990 945 946
f 1069 945 1075
f 985 990 946
f 949 985 948
f 946 945 988
f 989 945 1069
f 988 945 989
f 947 948 985
f 946 947 985
f 948 898 949
f 989 900 988
f 987 950 949
f 949 898 987
f 987 898 951
f 951 898 901
f 987 951 952
f 953 950 987
f 901 954 951
f 952 951 954
f 955 952 954
f 957 987 952
f 987 957 953
f 953 957 956
f 960 956 957
f 960 957 958
f 912 958 910
f 911 912 910
f 956 986 964
f 1037 956 964
f 961 960 912
f 961 986 960
f 964 986 961
f 1041 1037 964
f 961 912 915
f 914 915 912
f 1041 964 962
f 964 963 962
f 961 915 963
f 1046 1041 967
f 916 915 914
f 965 962 963
f 962 967 1041
f 1050 1046 967
f 966 962 965
f 921 965 916
f 966 967 962
f 966 965 921
f 967 966 969
f 969 968 967
f 966 921 970
f 935 979 981
f 927 973 926
f 941 975 974
f 941 974 1065
f 1059 968 971
f 967 968 1050
f 948 947 898
f 940 1970 935
f 935 1970 984
f 935 895 940
f 984 979 935
f 935 981 933
f 931 933 981
f 980 982 983
f 982 980 977
f 978 979 982
f 893 927 931
f 976 980 1398
f 979 978 975
f 975 893 979
f 978 982 974
f 974 982 977
f 927 893 973
f 975 978 974
f 925 927 922
f 922 927 926
f 972 973 975
f 975 941 971
f 922 924 925
f 926 973 972
f 971 941 1059
f 970 922 926
f 970 926 972
f 921 920 970
f 969 972 968
f 966 970 969
f 916 919 920
f 968 1055 1050
f 915 965 963
f 961 963 964
f 912 960 958
f 960 986 956
f 959 910 958
f 955 954 959
f 959 958 957
f 957 952 959
f 952 955 959
f 947 901 898
f 899 901 947
f 946 899 947
f 946 988 899
f 940 896 1970
f 938 217 937
f 937 217 936
f 932 938 937
f 936 894 937
f 934 894 933
f 927 930 931
f 897 934 928
f 923 892 928
f 919 373 923
f 292 920 919
f 989 1069 943
f 899 988 900
f 452 943 944
f 452 944 451
f 943 900 989
f 903 901 899
f 899 900 902
f 900 943 312
f 903 899 902
f 902 900 312
f 901 903 906
f 903 904 906
f 954 901 906
f 59 57 55
f 906 904 907
f 954 906 908
f 452 447 314
f 959 954 908
f 908 906 318
f 959 908 910
f 910 908 909
f 911 910 909
f 909 908 329
f 942 909 329
f 912 911 942
f 942 346 348
f 942 913 912
f 914 912 913
f 913 942 348
f 913 917 916
f 916 917 918
f 918 917 348
f 918 919 916
f 933 895 935
f 929 925 928
f 897 892 923
f 913 348 917
f 894 939 895
f 933 894 895
f 932 937 934
f 934 937 894
f 934 933 930
f 930 933 931
f 897 392 932
f 897 932 934
f 930 925 929
f 930 929 934
f 930 927 925
f 929 928 934
f 892 897 928
f 925 924 928
f 923 928 292
f 924 292 928
f 292 924 920
f 922 920 924
f 923 292 919
f 920 922 970
f 918 373 919
f 61 53 52
f 921 916 920
f 356 918 348
f 915 916 965
f 913 916 914
f 329 346 942
f 911 909 942
f 312 314 905
f 314 312 943
f 452 314 943
f 902 313 903
f 893 931 981
f 890 1679 889
f 889 1678 888
f 887 888 1678
f 887 1678 883
f 882 1326 883
f 1430 885 888
f 887 1423 1430
f 1423 887 883
f 884 1423 883
f 887 1430 888
f 884 883 1326
f 885 1435 890
f 888 890 889
f 885 890 888
f 860 866 1903
f 776 775 862
f 1701 866 862
f 860 1903 777
f 777 865 860
f 862 866 860
f 858 859 863
f 858 863 1832
f 861 859 858
f 862 1691 776
f 856 857 847
f 855 1826 1825
f 881 1821 849
f 1819 849 1821
f 1823 855 847
f 1825 881 849
f 853 1816 880
f 843 862 860
f 1818 841 1817
f 880 854 853
f 858 856 848
f 849 1819 841
f 845 856 847
f 856 845 848
f 808 805 879
f 1928 806 784
f 807 806 808
f 784 806 807
f 808 879 787
f 787 879 1120
f 784 807 878
f 788 784 878
f 878 807 809
f 809 807 810
f 810 807 808
f 810 808 787
f 786 785 784
f 810 787 874
f 875 878 817
f 875 788 878
f 878 809 871
f 876 877 1864
f 817 878 871
f 809 814 811
f 814 810 874
f 815 876 1864
f 1862 1857 812
f 871 809 811
f 875 817 790
f 814 874 820
f 813 812 1857
f 820 874 876
f 790 817 803
f 815 812 813
f 813 1857 872
f 822 441 873
f 815 816 876
f 819 871 811
f 815 831 816
f 821 815 813
f 824 873 770
f 803 817 791
f 831 815 821
f 814 820 811
f 869 817 871
f 813 872 870
f 871 819 825
f 821 813 823
f 811 820 819
f 872 827 870
f 813 870 823
f 818 816 830
f 822 872 780
f 827 872 822
f 791 817 796
f 831 830 816
f 869 871 825
f 829 825 819
f 792 791 793
f 819 820 829
f 770 771 772
f 817 869 796
f 829 820 834
f 818 830 820
f 870 832 823
f 834 820 830
f 821 823 826
f 824 827 822
f 770 772 828
f 823 832 836
f 823 836 826
f 870 827 824
f 832 870 824
f 824 770 833
f 839 825 829
f 793 791 796
f 833 770 828
f 839 869 825
f 821 826 868
f 834 830 837
f 831 821 838
f 835 826 836
f 836 832 850
f 831 837 830
f 838 821 868
f 868 826 835
f 773 828 772
f 824 833 832
f 793 267 264
f 867 836 840
f 840 836 850
f 869 839 796
f 793 796 851
f 839 829 842
f 836 867 835
f 833 850 832
f 773 772 774
f 833 828 850
f 828 773 844
f 800 796 839
f 867 848 835
f 868 835 847
f 848 867 840
f 847 835 845
f 850 828 844
f 774 844 773
f 841 842 834
f 852 800 839
f 1691 844 774
f 842 841 1818
f 835 848 845
f 800 854 796
f 840 844 843
f 842 1818 1793
f 838 847 855
f 800 852 1816
f 838 855 1825
f 849 838 1825
f 799 851 767
f 854 800 853
f 840 850 844
f 861 843 860
f 843 844 862
f 795 1 846
f 778 866 1841
f 777 778 1841
f 1903 778 777
f 1841 865 777
f 862 775 1701
f 859 861 864
f 861 865 864
f 1832 1828 857
f 860 865 861
f 1832 856 858
f 1832 857 856
f 1829 1823 847
f 1691 862 844
f 861 858 848
f 767 1798 799
f 1818 1815 1793
f 841 1819 1817
f 1816 853 800
f 843 861 848
f 842 1793 852
f 842 852 839
f 767 851 796
f 847 838 868
f 841 837 849
f 838 849 837
f 840 843 848
f 837 841 834
f 842 829 834
f 838 837 831
f 824 822 873
f 876 816 818
f 876 818 820
f 1864 812 815
f 809 810 814
f 1797 1796 797
f 781 1936 805
f 783 805 808
f 783 782 781
f 783 806 782
f 1928 1927 782
f 788 875 247
f 789 788 247
f 874 787 876
f 875 251 247
f 251 875 790
f 793 851 267
f 767 796 854
f 280 801 768
f 280 802 801
f 786 784 788
f 1 1797 797
f 1937 802 798
f 799 1 851
f 798 802 266
f 846 1 797
f 798 266 804
f 795 851 1
f 795 846 794
f 851 795 794
f 267 851 794
f 794 846 267
f 791 792 253
f 803 791 253
f 803 253 790
f 790 253 251
f 788 789 786
f 785 786 1931
f 806 1928 782
f 805 783 781
f 1701 1515 866
f 1692 776 1691
f 441 1587 769
f 769 1587 1586
f 441 769 873
f 769 1586 770
f 771 770 1586
f 770 873 769
f 771 1586 1580
f 772 779 774
f 804 1937 798
f 767 1799 1798
f 771 1580 772
f 765 1528 758
f 755 765 758
f 731 733 738
f 762 733 731
f 738 734 731
f 732 741 736
f 730 735 729
f 729 741 732
f 733 762 732
f 731 734 720
f 714 740 722
f 720 762 731
f 722 740 730
f 1726 739 714
f 727 728 764
f 714 724 1726
f 663 726 723
f 717 729 732
f 277 726 663
f 764 725 727
f 720 760 762
f 761 763 724
f 721 719 729
f 717 721 729
f 719 722 729
f 718 663 723
f 724 714 715
f 716 761 724
f 662 277 663
f 718 727 761
f 717 732 760
f 720 1696 708
f 704 722 719
f 719 721 709
f 760 720 708
f 718 662 663
f 716 724 713
f 715 713 724
f 716 713 761
f 274 662 272
f 713 710 761
f 760 708 759
f 721 717 744
f 759 708 706
f 709 704 719
f 718 712 711
f 274 272 278
f 744 709 721
f 712 661 711
f 757 666 755
f 765 756 1079
f 756 765 755
f 755 758 757
f 754 756 755
f 756 754 753
f 752 754 755
f 454 753 754
f 752 755 666
f 1986 754 1987
f 1987 754 752
f 757 1522 666
f 666 671 752
f 671 666 668
f 1985 752 669
f 1522 668 666
f 667 1522 751
f 669 752 671
f 668 1522 667
f 656 751 1522
f 673 667 751
f 672 671 668
f 668 673 672
f 655 670 643
f 751 656 657
f 669 671 675
f 677 675 672
f 682 677 672
f 750 751 657
f 678 673 679
f 676 670 669
f 669 675 676
f 674 670 676
f 750 679 751
f 682 673 678
f 750 657 658
f 643 670 674
f 745 677 682
f 750 658 659
f 675 677 680
f 681 678 679
f 748 675 680
f 687 643 674
f 674 676 747
f 684 679 749
f 679 750 749
f 747 676 675
f 645 643 687
f 749 750 659
f 685 682 678
f 746 674 747
f 1941 684 749
f 681 679 684
f 747 675 748
f 678 681 683
f 687 674 686
f 685 745 682
f 745 748 680
f 686 674 746
f 685 678 683
f 681 684 690
f 747 748 689
f 687 686 649
f 702 681 690
f 688 645 687
f 696 746 747
f 665 1941 660
f 688 687 649
f 689 748 691
f 684 1941 665
f 693 684 665
f 686 746 696
f 685 702 697
f 692 686 696
f 649 686 692
f 747 689 696
f 745 685 697
f 696 689 744
f 649 692 707
f 744 689 691
f 699 693 695
f 692 696 706
f 699 664 698
f 699 695 700
f 706 696 744
f 706 707 692
f 690 710 705
f 649 707 701
f 707 650 701
f 705 702 690
f 710 694 703
f 697 702 715
f 704 697 715
f 744 759 706
f 661 712 703
f 713 715 702
f 705 710 713
f 704 715 714
f 759 744 760
f 738 743 652
f 742 733 736
f 737 742 736
f 735 737 741
f 1733 735 730
f 738 652 651
f 738 651 734
f 733 743 738
f 741 737 736
f 735 741 729
f 732 736 733
f 714 739 740
f 740 1733 730
f 724 1725 1726
f 724 763 1725
f 723 728 727
f 726 728 723
f 764 763 761
f 722 730 729
f 725 764 761
f 718 723 727
f 761 727 725
f 732 762 760
f 718 761 710
f 718 711 662
f 704 714 722
f 710 712 718
f 717 760 744
f 707 708 1127
f 707 1127 1128
f 712 710 703
f 706 708 707
f 709 691 704
f 650 707 1128
f 691 709 744
f 705 713 702
f 1687 701 650
f 700 664 699
f 745 697 704
f 694 698 664
f 691 745 704
f 693 699 698
f 694 690 693
f 694 710 690
f 665 695 693
f 50 51 57
f 649 701 688
f 693 690 684
f 748 745 691
f 681 702 683
f 252 660 1941
f 702 685 683
f 749 252 1941
f 745 680 677
f 751 679 673
f 672 675 671
f 673 682 672
f 673 668 667
f 1522 757 1524
f 1522 1935 656
f 656 1924 657
f 749 659 252
f 703 700 661
f 698 694 693
f 711 272 662
f 700 703 664
f 664 703 694
f 259 665 660
f 250 659 658
f 250 658 246
f 1985 1987 752
f 655 1985 669
f 654 1985 655
f 655 669 670
f 648 654 655
f 648 655 653
f 643 653 655
f 645 644 647
f 653 643 647
f 644 653 647
f 647 643 645
f 645 688 646
f 646 688 701
f 602 1573 1520
f 604 602 1918
f 602 604 637
f 503 627 633
f 476 503 628
f 1844 477 476
f 476 628 642
f 497 470 495
f 476 642 500
f 1884 591 597
f 641 591 1884
f 476 500 1844
f 597 594 1887
f 1884 597 1887
f 1886 642 591
f 640 500 642
f 640 642 1881
f 1881 642 1886
f 639 640 1881
f 638 639 1881
f 481 639 638
f 638 483 583
f 473 483 1871
f 600 504 1572
f 505 1520 504
f 1520 1573 504
f 601 1919 1989
f 637 1573 602
f 610 601 603
f 603 1578 611
f 626 604 601
f 611 5 606
f 601 636 626
f 607 611 606
f 605 606 608
f 636 601 610
f 611 610 603
f 608 152 609
f 635 626 636
f 609 152 187
f 636 610 633
f 632 636 633
f 611 613 617
f 610 611 617
f 574 617 613
f 614 506 612
f 635 636 632
f 616 614 612
f 616 612 615
f 507 633 610
f 626 635 631
f 507 610 617
f 616 618 614
f 614 618 619
f 631 635 632
f 496 626 634
f 634 626 631
f 617 574 507
f 609 187 621
f 508 616 615
f 621 615 609
f 618 616 508
f 618 508 510
f 629 634 631
f 633 507 628
f 503 633 628
f 509 510 508
f 507 574 630
f 630 628 507
f 620 163 623
f 627 631 632
f 623 596 620
f 632 633 627
f 574 625 630
f 621 622 624
f 499 634 629
f 501 631 627
f 629 631 501
f 509 625 510
f 596 599 622
f 623 33 34
f 509 593 625
f 595 630 625
f 509 508 624
f 469 503 477
f 503 476 477
f 597 630 595
f 575 522 515
f 1918 601 604
f 518 1741 588
f 516 592 576
f 589 592 587
f 114 575 515
f 576 34 513
f 593 598 514
f 132 129 1992
f 592 589 596
f 624 590 509
f 593 509 598
f 622 599 624
f 621 624 508
f 622 620 596
f 33 623 163
f 620 622 25
f 622 621 25
f 621 508 615
f 25 621 187
f 614 619 574
f 613 614 574
f 615 612 506
f 506 614 577
f 607 614 613
f 577 614 607
f 608 615 506
f 609 615 608
f 608 506 605
f 605 506 577
f 605 577 607
f 606 605 607
f 1919 601 1918
f 600 505 504
f 34 592 623
f 596 623 592
f 598 509 590
f 589 599 596
f 590 624 586
f 597 595 594
f 642 628 630
f 624 599 586
f 592 34 512
f 642 630 591
f 591 630 597
f 599 589 586
f 1135 593 1739
f 576 512 34
f 587 586 589
f 592 512 576
f 514 1739 593
f 575 127 1992
f 590 586 517
f 514 598 590
f 588 514 590
f 588 590 517
f 129 126 118
f 576 513 515
f 516 587 592
f 586 587 517
f 1992 129 519
f 517 518 588
f 575 1992 519
f 517 587 516
f 584 486 585
f 519 129 118
f 522 575 519
f 484 481 583
f 516 576 523
f 576 515 523
f 523 515 522
f 473 585 483
f 584 585 473
f 1743 518 517
f 583 481 638
f 519 118 582
f 472 520 1851
f 516 523 525
f 525 517 516
f 1743 517 525
f 522 524 523
f 522 526 524
f 527 526 521
f 582 56 527
f 525 523 529
f 581 1743 525
f 1762 1743 581
f 528 526 527
f 529 524 533
f 543 526 528
f 534 528 527
f 527 56 541
f 543 530 526
f 581 525 531
f 531 529 533
f 536 581 531
f 56 64 541
f 530 535 532
f 531 533 537
f 524 532 533
f 539 536 531
f 528 534 540
f 531 546 539
f 538 533 532
f 546 531 537
f 540 534 541
f 541 542 540
f 533 548 537
f 533 538 548
f 545 542 541
f 542 547 540
f 539 546 1753
f 543 540 547
f 548 546 537
f 549 544 543
f 547 542 550
f 542 545 550
f 551 544 549
f 544 551 552
f 556 548 552
f 548 557 579
f 555 547 550
f 555 550 564
f 554 552 551
f 549 553 558
f 1753 546 579
f 549 558 1792
f 1754 1753 579
f 556 552 554
f 555 560 553
f 580 564 550
f 1754 579 563
f 464 558 553
f 464 553 560
f 560 566 464
f 558 562 1792
f 573 557 556
f 570 1792 562
f 558 561 562
f 579 557 573
f 569 564 580
f 563 579 573
f 570 567 554
f 554 567 556
f 569 580 568
f 570 562 571
f 571 562 1268
f 556 567 466
f 573 556 466
f 572 466 567
f 1757 573 578
f 578 573 467
f 467 573 466
f 468 578 467
f 564 569 465
f 1761 581 536
f 567 571 572
f 1757 563 573
f 571 567 570
f 565 559 465
f 564 465 559
f 565 566 560
f 991 568 580
f 464 561 558
f 551 570 554
f 565 560 555
f 555 559 565
f 551 1792 570
f 564 559 555
f 547 555 553
f 1792 551 549
f 580 550 85
f 557 548 556
f 553 549 547
f 548 579 546
f 552 548 538
f 547 549 543
f 535 544 552
f 538 532 552
f 532 535 552
f 535 543 544
f 487 7 1976
f 1974 8 1977
f 540 543 528
f 530 532 524
f 530 543 535
f 541 534 527
f 525 529 531
f 526 530 524
f 524 529 523
f 526 522 521
f 527 521 582
f 582 521 519
f 519 521 522
f 625 619 510
f 619 618 510
f 627 503 498
f 634 499 494
f 503 469 502
f 494 496 634
f 499 629 501
f 502 498 503
f 499 501 490
f 487 1976 496
f 492 498 502
f 487 496 494
f 1511 477 1844
f 491 501 627
f 494 499 485
f 488 491 627
f 627 498 488
f 488 498 492
f 495 475 497
f 490 501 491
f 489 494 485
f 490 485 499
f 493 497 475
f 482 494 489
f 484 491 488
f 1848 489 485
f 490 491 585
f 585 491 484
f 486 490 585
f 484 488 481
f 482 489 471
f 485 490 486
f 487 494 482
f 1978 471 489
f 1978 489 1846
f 488 639 481
f 480 1848 485
f 484 483 585
f 480 485 486
f 483 484 583
f 480 486 472
f 472 1849 1855
f 487 482 479
f 479 482 478
f 1853 471 1978
f 1890 480 472
f 474 1847 480
f 474 480 1890
f 474 1890 1456
f 1280 468 467
f 1577 197 5
f 463 1569 3
f 197 463 3
f 462 463 197
f 1969 462 197
f 1561 461 1955
f 1550 1955 461
f 1953 1966 1542
f 1532 1531 296
f 1240 1169 430
f 1240 430 426
f 428 429 1169
f 428 427 423
f 424 1238 426
f 419 424 426
f 426 430 419
f 429 428 425
f 420 429 425
f 235 422 418
f 425 423 412
f 419 417 424
f 417 419 430
f 420 425 413
f 407 424 417
f 414 423 416
f 417 413 410
f 413 425 406
f 407 417 410
f 404 412 414
f 412 404 402
f 406 412 402
f 411 229 408
f 1236 407 409
f 400 404 408
f 409 407 403
f 409 403 1226
f 391 460 407
f 395 397 404
f 391 410 398
f 405 938 399
f 460 396 403
f 404 400 395
f 460 391 390
f 395 393 397
f 459 396 460
f 395 400 388
f 394 397 393
f 389 400 392
f 390 459 460
f 390 391 387
f 459 390 431
f 393 385 394
f 385 384 394
f 374 458 459
f 431 390 387
f 387 394 384
f 374 459 431
f 431 387 379
f 457 458 374
f 374 431 380
f 377 458 457
f 374 380 340
f 386 375 378
f 370 379 387
f 387 384 370
f 365 379 370
f 384 382 370
f 376 377 456
f 369 340 380
f 1197 1208 367
f 376 456 375
f 367 1208 363
f 377 457 456
f 432 370 382
f 368 370 432
f 364 375 456
f 373 356 381
f 369 199 372
f 370 368 365
f 366 371 358
f 432 382 381
f 432 381 356
f 353 199 369
f 363 362 367
f 456 457 357
f 453 455 454
f 455 453 307
f 307 453 1982
f 316 451 455
f 313 902 905
f 316 452 451
f 905 902 312
f 903 313 904
f 316 455 307
f 450 1984 444
f 317 904 313
f 317 313 905
f 905 314 315
f 444 449 448
f 317 907 904
f 447 452 316
f 320 317 905
f 1584 448 449
f 906 907 318
f 450 444 446
f 1858 1859 445
f 310 445 1859
f 447 316 306
f 1982 450 442
f 442 450 446
f 319 322 317
f 320 905 315
f 444 448 445
f 320 315 326
f 443 445 448
f 444 445 310
f 446 444 310
f 448 1584 443
f 443 1858 445
f 309 1473 1111
f 447 326 315
f 1587 441 1584
f 323 320 326
f 443 1584 441
f 311 446 310
f 329 908 318
f 446 311 442
f 322 324 325
f 447 306 297
f 327 311 1111
f 323 324 321
f 329 318 331
f 1111 1473 436
f 440 442 327
f 327 442 311
f 318 328 335
f 318 330 328
f 326 299 323
f 323 333 330
f 436 1473 437
f 327 1111 436
f 780 441 822
f 331 318 335
f 440 327 436
f 439 440 436
f 332 334 333
f 346 329 331
f 438 328 330
f 328 438 335
f 337 334 332
f 349 331 335
f 331 338 346
f 438 330 333
f 338 331 349
f 341 333 334
f 436 437 434
f 341 334 433
f 349 344 338
f 438 333 341
f 434 439 436
f 1492 439 434
f 433 334 342
f 348 346 354
f 345 334 339
f 346 338 368
f 342 334 345
f 349 438 357
f 352 341 433
f 433 342 362
f 435 1486 343
f 438 341 357
f 360 345 339
f 362 342 345
f 354 346 368
f 368 338 344
f 357 341 352
f 357 344 349
f 355 345 350
f 435 302 1492
f 1195 360 347
f 368 344 351
f 352 433 364
f 64 56 58
f 351 344 353
f 348 354 356
f 302 435 343
f 357 352 456
f 362 355 367
f 199 353 357
f 369 351 353
f 368 432 354
f 456 352 364
f 368 351 365
f 361 360 1195
f 432 356 354
f 457 199 357
f 422 421 418
f 404 416 408
f 383 388 389
f 299 336 332
f 1169 429 430
f 420 430 429
f 423 427 235
f 425 428 423
f 413 430 420
f 418 423 235
f 417 430 413
f 415 418 421
f 416 423 418
f 415 421 308
f 415 308 1717
f 1717 208 415
f 407 1236 424
f 425 412 406
f 414 412 423
f 408 416 208
f 404 414 416
f 411 408 208
f 410 413 406
f 408 229 399
f 391 407 410
f 408 399 400
f 397 402 404
f 405 399 229
f 398 406 402
f 398 410 406
f 403 407 460
f 405 242 938
f 398 402 397
f 392 400 399
f 401 403 396
f 399 938 392
f 394 398 397
f 458 401 396
f 1214 401 458
f 391 398 394
f 392 938 932
f 1213 1214 458
f 388 400 389
f 458 396 459
f 393 395 388
f 387 391 394
f 377 1213 458
f 389 392 897
f 376 1213 377
f 393 388 385
f 380 431 379
f 389 897 923
f 382 384 385
f 383 389 923
f 388 383 381
f 923 381 383
f 385 388 382
f 375 386 376
f 382 388 381
f 365 380 379
f 373 381 923
f 369 374 340
f 1208 378 371
f 371 378 375
f 369 380 365
f 1208 371 366
f 372 457 374
f 374 369 372
f 199 457 372
f 1208 366 363
f 364 371 375
f 358 371 364
f 356 373 918
f 355 1196 367
f 355 361 1196
f 351 369 365
f 363 366 358
f 358 362 363
f 350 361 355
f 344 357 353
f 433 362 358
f 10 1977 8
f 433 358 364
f 361 350 360
f 355 362 345
f 360 350 345
f 339 347 360
f 301 347 339
f 337 339 334
f 336 301 339
f 337 336 339
f 335 438 349
f 332 336 337
f 323 332 333
f 299 332 323
f 325 330 318
f 297 299 326
f 324 323 330
f 330 325 324
f 325 318 322
f 447 297 326
f 319 324 322
f 323 321 320
f 324 319 321
f 322 318 907
f 317 321 319
f 314 447 315
f 320 321 317
f 317 322 907
f 1113 1114 311
f 310 1113 311
f 415 416 418
f 306 316 307
f 307 1982 442
f 306 307 295
f 307 442 1531
f 442 296 1531
f 305 306 295
f 296 442 440
f 297 306 305
f 298 297 305
f 297 298 300
f 1901 300 298
f 1901 301 300
f 1951 439 1492
f 300 301 336
f 303 1963 1951
f 302 304 303
f 303 1951 302
f 302 1951 1492
f 347 301 304
f 300 336 299
f 297 300 299
f 307 1531 295
f 282 277 289
f 271 276 282
f 284 279 275
f 802 280 284
f 275 281 271
f 289 274 278
f 282 289 271
f 797 1796 273
f 284 269 270
f 286 289 278
f 272 661 278
f 275 271 285
f 245 244 1933
f 789 248 245
f 246 244 250
f 248 249 244
f 250 244 254
f 250 254 659
f 255 244 249
f 248 251 255
f 659 254 252
f 249 248 255
f 255 251 257
f 256 254 255
f 257 251 258
f 255 257 260
f 253 258 251
f 258 253 262
f 660 254 259
f 262 253 792
f 256 265 254
f 792 264 262
f 256 255 261
f 260 257 263
f 263 257 258
f 265 256 261
f 261 260 288
f 695 665 259
f 287 254 265
f 260 263 288
f 259 254 287
f 265 261 288
f 285 263 258
f 287 695 259
f 695 287 700
f 288 263 285
f 262 264 267
f 286 265 288
f 258 262 266
f 269 258 266
f 288 285 271
f 262 267 268
f 287 265 286
f 285 258 269
f 266 262 268
f 287 286 278
f 278 700 287
f 271 289 288
f 661 700 278
f 269 284 285
f 285 284 275
f 280 279 284
f 273 768 801
f 1796 768 273
f 802 284 270
f 661 272 711
f 797 273 268
f 267 846 268
f 792 793 264
f 282 283 277
f 274 289 277
f 274 277 662
f 281 276 271
f 802 1937 801
f 1937 273 801
f 243 273 1937
f 286 288 289
f 266 802 270
f 273 243 268
f 846 797 268
f 260 261 255
f 244 255 254
f 247 251 248
f 248 789 247
f 244 245 248
f 246 1933 244
f 422 235 236
f 207 225 203
f 237 239 225
f 200 216 201
f 239 237 940
f 939 238 895
f 939 894 215
f 421 422 236
f 308 421 241
f 411 208 1717
f 203 225 239
f 205 221 405
f 405 221 242
f 1681 216 200
f 239 940 895
f 238 939 1681
f 936 216 939
f 215 936 939
f 421 236 241
f 236 234 241
f 210 212 1349
f 210 214 212
f 211 1343 233
f 241 234 214
f 240 1349 1343
f 210 240 214
f 231 233 227
f 214 240 228
f 211 205 209
f 232 1342 206
f 209 228 240
f 229 205 405
f 224 206 226
f 203 239 204
f 220 221 231
f 238 1681 239
f 895 238 239
f 217 216 936
f 234 212 214
f 233 206 1682
f 226 206 230
f 223 222 1682
f 223 219 222
f 223 201 218
f 216 1681 939
f 213 212 234
f 236 213 234
f 1343 211 209
f 214 228 241
f 231 211 233
f 229 241 228
f 411 241 229
f 211 231 205
f 204 230 203
f 230 207 203
f 1682 227 233
f 1682 206 224
f 228 209 205
f 231 221 205
f 229 228 205
f 227 1682 222
f 231 227 222
f 202 230 204
f 202 204 1681
f 1681 204 239
f 219 220 231
f 219 231 222
f 221 220 242
f 223 218 219
f 218 201 216
f 220 219 938
f 938 242 220
f 217 938 219
f 940 237 896
f 217 219 218
f 217 218 216
f 894 936 215
f 210 1349 240
f 240 1343 209
f 202 226 230
f 415 208 416
f 1342 230 206
f 226 202 200
f 201 226 200
f 30 177 111
f 1011 177 1073
f 125 1070 1022
f 1003 55 1002
f 95 97 86
f 11 3 196
f 196 3 6
f 3 11 197
f 197 11 138
f 196 6 194
f 5 138 137
f 5 137 12
f 12 137 193
f 137 139 193
f 626 198 604
f 190 194 2
f 142 12 193
f 11 196 192
f 138 11 13
f 192 196 194
f 608 12 142
f 13 11 1981
f 191 195 198
f 193 139 140
f 191 198 626
f 139 13 143
f 189 190 195
f 189 195 191
f 141 193 140
f 141 140 145
f 193 141 145
f 608 142 152
f 192 194 185
f 145 140 16
f 13 1981 146
f 140 14 16
f 184 190 189
f 144 143 13
f 188 190 184
f 147 145 16
f 142 193 152
f 153 193 145
f 188 194 190
f 143 144 15
f 185 194 188
f 147 151 145
f 153 145 151
f 149 144 146
f 147 148 158
f 193 153 152
f 9 191 626
f 192 146 1981
f 21 19 22
f 151 147 159
f 189 191 9
f 152 153 186
f 1529 188 184
f 24 144 155
f 109 144 24
f 186 153 160
f 10 189 9
f 160 151 159
f 184 189 10
f 185 188 1080
f 152 186 157
f 496 9 626
f 154 23 158
f 183 22 26
f 159 158 156
f 1076 146 192
f 149 146 1076
f 187 152 25
f 192 185 1080
f 25 152 157
f 164 24 155
f 160 159 161
f 149 1076 155
f 110 26 22
f 155 1076 182
f 160 161 157
f 161 159 166
f 26 110 27
f 166 159 156
f 25 157 620
f 183 26 28
f 1529 184 181
f 162 161 166
f 163 620 157
f 180 184 10
f 1012 192 1080
f 23 28 170
f 161 162 168
f 167 112 27
f 181 184 180
f 172 28 165
f 166 156 171
f 162 166 171
f 162 175 168
f 30 169 177
f 170 28 32
f 170 173 23
f 171 156 135
f 33 163 168
f 167 35 112
f 172 27 112
f 1998 156 176
f 135 156 1998
f 32 28 172
f 178 162 171
f 33 168 34
f 162 178 175
f 122 181 180
f 112 35 37
f 111 177 35
f 1998 176 179
f 37 32 112
f 176 131 179
f 175 34 168
f 39 178 135
f 36 173 174
f 32 40 174
f 177 169 1073
f 37 1991 38
f 24 29 109
f 17 15 20
f 17 14 108
f 143 108 139
f 121 44 113
f 44 119 113
f 515 513 114
f 43 113 120
f 42 113 43
f 43 120 126
f 1991 125 41
f 136 113 42
f 132 130 129
f 42 43 179
f 43 130 132
f 43 1997 179
f 40 38 1991
f 131 176 136
f 40 36 174
f 136 173 36
f 173 136 176
f 67 31 61
f 35 1990 37
f 37 38 32
f 135 178 171
f 173 176 23
f 112 32 172
f 174 173 170
f 165 27 172
f 169 30 29
f 169 24 164
f 29 30 167
f 168 163 157
f 110 167 27
f 169 29 24
f 168 157 161
f 27 165 26
f 26 165 28
f 109 29 167
f 183 28 23
f 109 167 110
f 156 158 176
f 182 164 155
f 23 176 158
f 183 23 21
f 109 110 150
f 157 186 160
f 22 150 110
f 1977 9 1976
f 21 23 154
f 160 153 151
f 22 183 21
f 20 109 150
f 148 21 154
f 20 144 109
f 159 147 158
f 21 148 19
f 144 149 155
f 148 154 158
f 22 19 18
f 20 15 144
f 18 20 22
f 16 148 147
f 18 19 14
f 17 18 14
f 143 15 108
f 15 17 108
f 140 108 14
f 139 108 140
f 138 13 139
f 608 606 12
f 12 606 5
f 138 139 137
f 39 135 133
f 175 178 134
f 134 178 39
f 34 175 134
f 32 38 40
f 37 1990 1991
f 132 1997 43
f 135 1998 133
f 1990 35 177
f 1998 132 133
f 41 36 40
f 39 133 128
f 125 1990 177
f 125 1991 1990
f 40 1991 41
f 122 123 181
f 131 42 179
f 125 177 1070
f 131 136 42
f 39 128 134
f 121 36 41
f 134 128 114
f 1123 180 1124
f 129 130 126
f 513 34 134
f 130 43 126
f 114 128 127
f 513 134 114
f 1070 177 1011
f 125 124 41
f 36 121 136
f 124 121 41
f 122 180 1123
f 136 121 113
f 120 113 119
f 118 126 120
f 125 1022 124
f 118 120 47
f 120 119 45
f 117 123 122
f 120 45 47
f 1936 123 117
f 121 124 49
f 46 121 49
f 44 121 46
f 46 119 44
f 117 122 1122
f 119 116 45
f 805 1936 117
f 582 118 47
f 48 47 45
f 124 1022 49
f 116 119 46
f 52 45 51
f 52 48 45
f 805 117 1122
f 55 116 46
f 53 47 48
f 47 53 56
f 582 47 56
f 1002 46 1001
f 55 57 116
f 56 53 58
f 55 46 1002
f 53 62 58
f 54 50 61
f 64 58 62
f 31 64 62
f 61 31 62
f 63 60 1029
f 60 68 50
f 66 31 67
f 61 72 67
f 65 72 61
f 68 75 50
f 65 50 75
f 67 72 70
f 68 63 69
f 63 1029 76
f 63 74 69
f 70 541 66
f 545 541 70
f 75 71 79
f 77 71 74
f 72 78 70
f 79 73 75
f 72 73 82
f 88 115 1006
f 82 73 81
f 78 72 82
f 115 88 80
f 90 85 78
f 78 82 90
f 545 78 85
f 84 81 79
f 87 82 81
f 95 86 88
f 88 86 80
f 92 82 87
f 90 102 85
f 90 100 102
f 97 93 86
f 95 89 1044
f 102 580 85
f 99 94 92
f 100 94 98
f 99 96 103
f 100 1266 102
f 1083 104 99
f 102 1267 991
f 107 106 105
f 86 83 80
f 100 101 1266
f 96 105 103
f 94 104 98
f 86 93 83
f 91 84 93
f 1006 115 76
f 76 74 63
f 73 72 75
f 1003 1004 60
f 50 65 61
f 61 62 53
f 116 57 51
f 1084 1378 104
f 1083 99 103
f 1083 1084 104
f 107 105 97
f 104 101 98
f 102 991 580
f 98 101 100
f 94 99 104
f 105 96 97
f 107 97 95
f 96 99 92
f 96 91 93
f 93 97 96
f 96 92 91
f 94 100 90
f 92 94 82
f 91 92 87
f 545 85 550
f 83 93 84
f 82 94 90
f 91 87 84
f 89 95 88
f 84 87 81
f 83 84 79
f 80 83 77
f 77 83 79
f 115 80 77
f 81 73 79
f 545 70 78
f 77 79 71
f 74 115 77
f 74 76 115
f 1029 1006 76
f 69 74 71
f 69 71 68
f 71 75 68
f 64 66 541
f 65 75 72
f 66 67 70
f 31 66 64
f 60 63 68
f 1029 60 1004
f 1003 60 59
f 1003 59 55
f 60 57 59
f 57 60 50
f 54 51 50
f 54 61 52
f 51 54 52
f 51 45 116
f 32 174 170
f 20 150 22

